timestamp,event,side,price,qty,realized_pnl,capital,reason
2022-02-05 00:54:00,OPEN,LONG,41432.53,0.019308499867133386,-0.32000000000005,999.68,entry
2022-02-05 02:07:00,ADD,LONG,41187.53,0.019308499867133386,-0.3181077670129753,999.361892232987,adx=29.30536791392284
2022-02-05 15:21:00,CLOSE,LONG,41836.84,0.03861699973426677,19.059468567330896,1018.4213608003179,Take Profit
2022-02-05 16:44:00,OPEN,LONG,41461.3,0.019650543727289166,-0.3258948354560971,1018.0954659648618,entry
2022-02-05 17:04:00,ADD,LONG,41065.51,0.0589516311818675,-0.9683515199261592,1017.1271144449356,adx=54.47655293521708
2022-02-05 18:22:00,CLOSE,LONG,41666.0,0.07860217490915666,36.81806966608724,1053.9451841110229,Take Profit
2022-02-05 19:30:00,OPEN,LONG,41480.81,0.020326414727408128,-0.3372624589155748,1053.6079216521073,entry
2022-02-06 14:31:00,CLOSE,LONG,42155.0,0.020326414727408128,13.023859081022238,1066.6317807331295,Take Profit
2022-02-06 20:47:00,OPEN,LONG,41586.01,0.020519050146587847,-0.34132216983471153,1066.2904585632948,entry
2022-02-06 23:19:00,CLOSE,LONG,42119.99,0.020519050146587847,10.269735352646876,1076.5601939159417,Take Profit
2022-02-07 00:19:00,OPEN,LONG,41930.0,0.02054014202558439,-0.3444992620532048,1076.2156946538885,entry
2022-02-07 00:26:00,ADD,LONG,41620.0,0.061620426076753165,-1.0258568533258767,1075.1898378005626,adx=59.19885732882033
2022-02-07 02:14:00,CLOSE,LONG,42198.06,0.08216056810233756,38.36913122096098,1113.5589690215236,Take Profit
2022-02-07 02:58:00,OPEN,LONG,42322.4,0.021049070355585196,-0.35633887008680176,1113.2026301514368,entry
2022-02-07 03:38:00,CLOSE,LONG,42882.91,0.021049070355585196,11.080817399065381,1124.2834475505022,Take Profit
2022-02-07 06:38:00,OPEN,LONG,42663.47,0.021081894136609183,-0.3597707032160997,1123.923676847286,entry
2022-02-07 09:34:00,ADD,LONG,42361.31,0.021081894136609183,-0.3572226611631777,1123.5664541861229,adx=37.9005616285021
2022-02-07 14:38:00,CLOSE,LONG,43029.44,0.042163788273218365,20.35807968321842,1143.9245338693413,Take Profit
2022-02-07 16:44:00,OPEN,LONG,43496.21,0.021039525675811136,-0.3660558508381655,1143.5584780185031,entry
2022-02-07 17:50:00,CLOSE,LONG,44121.69,0.021039525675811136,12.422426897022206,1155.9809049155253,Take Profit
2022-02-07 18:49:00,OPEN,LONG,43809.46,0.021109247270621925,-0.3699138895728993,1155.6109910259524,entry
2022-02-07 19:25:00,CLOSE,LONG,44358.24,0.021109247270621925,10.839871204939072,1166.4508622308915,Take Profit
2022-02-07 21:21:00,OPEN,LONG,43907.16,0.021253041412487468,-0.3732642759139253,1166.0775979549776,entry
2022-02-08 00:16:00,ADD,LONG,43553.9,0.021253041412487468,-0.3702611361502477,1165.7073368188273,adx=20.630949071811035
2022-02-08 04:49:00,CLOSE,LONG,44272.8,0.042506082824974936,21.55350279995764,1187.260839618785,Take Profit
2022-02-08 05:19:00,OPEN,LONG,44244.51,0.021467266146580177,-0.3799234686780437,1186.880916150107,entry
2022-02-08 05:50:00,CLOSE,LONG,44813.15,0.021467266146580177,11.442416425746615,1198.3233325758536,Take Profit
2022-02-08 06:33:00,OPEN,LONG,44760.3,0.021417610383770505,-0.3834634664242458,1197.9398691094293,entry
2022-02-08 06:47:00,ADD,LONG,44529.13,0.06425283115131152,-1.1444490684818902,1196.7954200409474,adx=78.87831185089884
2022-02-08 08:13:00,ADD,LONG,44254.53,0.021417610383770505,-0.3791305125027975,1196.4162895284446,adx=45.919674055509596
2022-02-08 12:36:00,PARTIAL_CLOSE,LONG,43149.98,0.08567044153508202,-118.88692712346665,1077.529362404978,Stop Loss
2022-02-08 12:36:00,ADD,LONG,43149.98,0.06425283115131152,-1.1090033516488802,1076.420359053329,adx=82.47146566129426
2022-02-08 17:35:00,ADD,LONG,42688.5,0.021417610383770505,-0.3657142643469342,1076.0546447889822,adx=36.43933100658236
2022-02-08 20:32:00,CLOSE,LONG,43894.62,0.10708805191885253,55.01178542216121,1131.0664302111434,Take Profit
2022-02-08 21:14:00,OPEN,LONG,43922.46,0.020601149028740984,-0.36194125766746765,1130.704488953476,entry
2022-02-09 02:06:00,ADD,LONG,43665.95,0.06180344708622296,-1.0794824921179043,1129.625006461358,adx=51.244860778165034
2022-02-09 02:34:00,ADD,LONG,43140.45,0.02060114902874098,-0.35549713584669007,1129.2695093255113,adx=48.68623983055969
2022-02-09 12:41:00,CLOSE,LONG,44182.79,0.10300574514370492,55.16163902909079,1184.431148354602,Take Profit
2022-02-09 13:57:00,OPEN,LONG,43922.21,0.021573252317760916,-0.3790179674733736,1184.0521303871287,entry
2022-02-09 19:27:00,CLOSE,LONG,44464.05,0.021573252317760916,10.926539400494448,1194.9786697876232,Take Profit
2022-02-09 21:55:00,OPEN,LONG,44477.78,0.021493494860357207,-0.38239317433203723,1194.5962766132911,entry
2022-02-10 00:18:00,ADD,LONG,44060.89,0.021493494860357207,-0.378809005102994,1194.2174676081881,adx=23.90526284924334
2022-02-10 02:59:00,ADD,LONG,43773.22,0.06448048458107161,-1.1290073749096337,1193.0884602332785,adx=56.94928010753225
2022-02-10 10:13:00,CLOSE,LONG,44502.64,0.10746747430178602,53.259190617346576,1246.347650850625,Take Profit
2022-02-10 11:48:00,OPEN,LONG,44838.69,0.022237003817027215,-0.3988312482722449,1245.9488196023528,entry
2022-02-10 13:30:00,ADD,LONG,44310.73,0.022237003817027215,-0.3941351488581404,1245.5546844534947,adx=36.897065586886576
2022-02-10 13:43:00,ADD,LONG,43664.09,0.06671101145108164,-1.1651502431964218,1244.3895342102983,adx=79.87431217366081
2022-02-10 15:02:00,CLOSE,LONG,44708.91,0.11118501908513607,71.72290976383238,1316.1124439741307,Take Profit
2022-02-10 15:57:00,OPEN,LONG,44832.0,0.02348523276185101,-0.4211559820716957,1315.691287992059,entry
2022-02-10 16:28:00,CLOSE,LONG,45438.23,0.02348523276185101,13.389445712010684,1329.0807337040696,Take Profit
2022-02-10 17:45:00,OPEN,LONG,45229.99,0.023507955384541448,-0.42530583478537665,1328.6554278692843,entry
2022-02-10 19:05:00,ADD,LONG,44881.33,0.023507955384541448,-0.4220273212954453,1328.2334005479888,adx=23.56869112233766
2022-02-10 19:14:00,ADD,LONG,44633.39,0.047015910769082896,-0.8393917926246104,1327.3940087553642,adx=46.3844838858563
2022-02-10 20:01:00,ADD,LONG,44247.0,0.02350795538454145,-0.41606260075991486,1326.9779461546043,adx=52.65129060024812
2022-02-10 23:47:00,ADD,LONG,43372.22,0.02350795538454145,-0.40783688507531224,1197.732513552397,adx=37.03322263502734
2022-02-10 23:47:00,PARTIAL_CLOSE,LONG,43372.22,0.0940318215381658,-128.837595717132,1198.1403504374723,Stop Loss
2022-02-11 00:24:00,ADD,LONG,43062.06,0.02350795538454145,-0.4049203940985535,1197.3275931582984,adx=16.684871034491074
2022-02-11 05:55:00,ADD,LONG,42833.57,0.02350795538454145,-0.4027718610082047,1196.9248212972902,adx=23.464608094038137
2022-02-11 19:03:00,ADD,LONG,42361.62,0.02350795538454145,-0.3983340291906643,1196.5264872680996,adx=35.64173045972587
2022-02-15 08:10:00,CLOSE,LONG,43833.9,0.11753977692270724,60.3975880371388,1256.9240753052384,Take Profit
2022-02-15 12:40:00,OPEN,LONG,44119.1,0.022791472633036276,-0.4022157040976708,1256.5218596011407,entry
2022-02-15 23:40:00,CLOSE,LONG,44651.7,0.022791472633036276,11.329451420830082,1267.8513110219708,Take Profit
2022-02-16 00:17:00,OPEN,LONG,44266.4,0.02291311353120147,-0.40571241952693526,1267.4455986024439,entry
2022-02-16 01:38:00,ADD,LONG,43942.1,0.02291311353120147,-0.40274013043972445,1267.0428584720041,adx=24.770976629223423
2022-02-16 04:18:00,ADD,LONG,43676.9,0.02291311353120147,-0.400309507356269,1266.6425489646479,adx=31.876934856686763
2022-02-16 14:50:00,ADD,LONG,43370.0,0.02291311353120147,-0.39749669353932404,1266.2450522711085,adx=21.58136893555033
2022-02-17 09:20:00,ADD,LONG,43028.6,0.02291311353120147,-0.39436767875554324,1265.850684592353,adx=36.24692371892294
2022-02-17 13:52:00,PARTIAL_CLOSE,LONG,42333.3,0.09165245412480588,-122.85400336866132,1142.9966812236917,Stop Loss
2022-02-17 18:25:00,ADD,LONG,41026.3,0.09165245412480588,-1.5040644314642577,1141.4926167922274,adx=20
2022-02-17 20:00:00,HEDGE_OPEN,SHORT,41088.7,0.11456556765600735,-1.8829400958989027,1139.6096766963285,trend_bearish_confirmed
2022-02-28 16:00:00,HEDGE_CLOSE,SHORT,40812.9,0.11456556765600735,27.843942241152263,1167.4536189374808,Hedge Close Trend Up
2022-02-28 22:32:00,CLOSE,LONG,42809.2,0.11456556765600735,138.51953044942752,1305.9731493869083,Take Profit
2022-02-28 23:00:00,OPEN,LONG,43000.6,0.02429683584669811,-0.41791140780378555,1305.5552379791045,entry
2022-03-01 00:11:00,CLOSE,LONG,43538.2,0.02429683584669811,12.220931343996881,1317.7761693231014,Take Profit
2022-03-01 01:14:00,OPEN,LONG,43280.0,0.024358154700981544,-0.4216883741833044,1317.354480948918,entry
2022-03-01 02:15:00,ADD,LONG,42960.2,0.07307446410294463,-1.255717437102021,1316.098763511816,adx=63.080299756366074
2022-03-01 10:58:00,CLOSE,LONG,43568.0,0.09743261880392617,48.05442428994775,1364.1531878017638,Take Profit
2022-03-01 11:48:00,OPEN,LONG,43361.8,0.025167833213598396,-0.4365290200964864,1363.7166587816673,entry
2022-03-01 12:13:00,CLOSE,LONG,43979.1,0.025167833213598396,14.656830961183914,1378.3734897428512,Take Profit
2022-03-01 14:33:00,OPEN,LONG,43931.1,0.025100641499855025,-0.4410795167177639,1377.9324102261335,entry
2022-03-01 15:42:00,ADD,LONG,43574.4,0.025100641499855025,-0.4374981571884291,1377.494912068945,adx=37.097066778827454
2022-03-01 23:38:00,CLOSE,LONG,44304.4,0.05020128299971005,25.925305003871017,1403.420217072816,Take Profit
2022-03-02 00:24:00,OPEN,LONG,44227.7,0.02538536197130425,-0.4490944694632617,1402.9711226033528,entry
2022-03-02 01:20:00,ADD,LONG,44004.7,0.02538536197130425,-0.4468300951755282,1402.5242925081773,adx=36.82762705371835
2022-03-02 07:11:00,ADD,LONG,43760.5,0.07615608591391274,-1.3330513590542523,1401.191241149123,adx=72.25488017554666
2022-03-02 14:43:00,CLOSE,LONG,44637.8,0.12692680985652124,88.79847443584322,1489.9897155849662,Take Profit
2022-03-02 15:09:00,OPEN,LONG,44276.8,0.026921362258970228,-0.4767967089871945,1489.512918875979,entry
2022-03-02 17:48:00,ADD,LONG,43949.8,0.026921362258970228,-0.4732753948037498,1489.0396434811753,adx=28.544483152205835
2022-03-02 18:40:00,ADD,LONG,43635.9,0.02692136225897023,-0.4698951485584075,1488.5697483326169,adx=27.53115912802902
2022-03-03 03:46:00,ADD,LONG,43240.1,0.05384272451794045,-0.9312659169713697,1487.6384824156455,adx=42.19288664470007
2022-03-03 17:06:00,PARTIAL_CLOSE,LONG,42313.2,0.10768544903588091,-147.77300287314847,1339.865479542497,Stop Loss
2022-03-03 17:22:00,ADD,LONG,42260.5,0.026921362258970225,-0.4550840918980157,1339.410395450599,adx=23.866043842544514
2022-03-03 21:33:00,ADD,LONG,41943.7,0.05384272451794045,-0.9033452337453127,1338.5070502168537,adx=46.03581538112088
2022-03-04 00:46:00,ADD,LONG,41690.2,0.02692136225897024,-0.44894279073946564,1338.0581074261142,adx=35.999664502779105
2022-03-04 20:00:00,HEDGE_OPEN,SHORT,39661.6,0.13460681129485114,-2.135488602740679,1335.9226188233736,trend_bearish_confirmed
2022-03-09 04:00:00,HEDGE_CLOSE,SHORT,41277.9,0.13460681129485114,-221.922992296988,1113.9996265263856,Hedge Close Trend Up
2022-03-10 08:00:00,HEDGE_OPEN,SHORT,39177.3,0.13460681129485114,-2.1094125712565983,1111.890213955129,trend_bearish_confirmed
2022-03-16 12:00:00,HEDGE_CLOSE,SHORT,40546.6,0.13460681129485114,-188.60965869123493,923.280555263894,Hedge Close Trend Up
2022-03-22 04:26:00,CLOSE,LONG,42883.6,0.13460681129485114,71.91020207943404,995.1907573433281,Take Profit
2022-03-22 05:12:00,OPEN,LONG,42889.7,0.018562792602295246,-0.31846104234989525,994.8722963009782,entry
2022-03-22 06:01:00,ADD,LONG,42515.9,0.018562792602295246,-0.3156855336000035,994.5566107673782,adx=26.69533699672264
2022-03-22 06:26:00,ADD,LONG,42168.0,0.05568837780688574,-0.9393070061443041,993.6173037612339,adx=52.63757098642602
2022-03-22 11:08:00,CLOSE,LONG,42891.2,0.09281396301147624,44.102480600263334,1037.7197843614972,Take Profit
2022-03-22 15:00:00,OPEN,LONG,42706.8,0.019438961183914454,-0.332070330995748,1037.3877140305015,entry
2022-03-22 16:42:00,ADD,LONG,42451.2,0.019438961183914454,-0.33008289160420645,1037.0576311388972,adx=37.11431935587934
2022-03-23 01:03:00,ADD,LONG,42163.4,0.01943896118391445,-0.32784507839278376,1036.7297860605045,adx=31.209224633792612
2022-03-23 04:17:00,ADD,LONG,41913.0,0.019438961183914458,-0.32589807204067256,1036.4038879884638,adx=19.95167881265618
2022-03-23 23:48:00,CLOSE,LONG,42869.5,0.07775584473565782,40.96401526483919,1077.367903253303,Take Profit
2022-03-24 00:31:00,OPEN,LONG,42763.4,0.020154953128204083,-0.34475772904102087,1077.023145524262,entry
2022-03-24 06:28:00,CLOSE,LONG,43350.0,0.020154953128204083,11.128650888720358,1088.1517964129823,Take Profit
2022-03-24 07:12:00,OPEN,LONG,43038.5,0.02022657474424959,-0.3482085748521513,1087.8035878381302,entry
2022-03-24 12:40:00,ADD,LONG,42808.4,0.04045314948849918,-0.692693841825303,1087.1108939963049,adx=40.217142436757264
2022-03-24 14:46:00,CLOSE,LONG,43542.2,0.06067972423274877,37.77489290126664,1124.8857868975715,Take Profit
2022-03-24 17:59:00,OPEN,LONG,43790.5,0.020550316381819284,-0.35996345180728895,1124.5258234457642,entry
2022-03-25 11:28:00,CLOSE,LONG,44335.0,0.020550316381819284,10.465244507378202,1134.9910679531424,Take Profit
2022-03-25 14:14:00,OPEN,LONG,44758.3,0.02028658046356796,-0.3631971417451041,1134.6278708113973,entry
2022-03-25 15:29:00,ADD,LONG,44395.3,0.02028658046356796,-0.36025153026162116,1134.2676192811357,adx=37.56408755661533
2022-03-25 16:45:00,ADD,LONG,44137.1,0.02028658046356796,-0.3581563322313741,1133.9094629489043,adx=35.78134803150053
2022-03-27 20:34:00,CLOSE,LONG,44973.2,0.06085974139070388,30.868382984262325,1164.7778459331666,Take Profit
2022-03-28 00:45:00,OPEN,LONG,46856.5,0.01988672386427781,-0.3727289106986973,1164.405117022468,entry
2022-03-28 13:35:00,CLOSE,LONG,47437.8,0.01988672386427781,10.810070699874586,1175.2151877223425,Take Profit
2022-03-28 14:20:00,OPEN,LONG,47396.4,0.01983636204812758,-0.3760688600712001,1174.8391188622713,entry
2022-03-28 18:52:00,CLOSE,LONG,48044.1,0.01983636204812758,12.090734773750455,1186.9298536360218,Take Profit
2022-03-28 21:18:00,OPEN,LONG,47835.7,0.01985010949790256,-0.3798175531635479,1186.5500360828582,entry
2022-03-28 21:38:00,ADD,LONG,47470.0,0.059550328493707685,-1.130741637438632,1185.4192944454196,adx=59.5770585363482
2022-03-28 23:19:00,ADD,LONG,47110.0,0.019850109497902557,-0.3740554633784541,1185.0452389820412,adx=52.01725728562577
2022-03-29 12:20:00,CLOSE,LONG,48042.8,0.0992505474895128,52.94564364270309,1237.9908826247442,Take Profit
2022-03-29 13:48:00,OPEN,LONG,47608.8,0.020802723574208874,-0.3961570824399132,1237.5947255423043,entry
2022-03-29 15:51:00,ADD,LONG,47365.7,0.062408170722626624,-1.1824026767985742,1236.4123228655058,adx=58.27922667181777
2022-03-29 16:14:00,ADD,LONG,47127.6,0.02080272357420887,-0.39215297420628303,1236.0201698912995,adx=56.780967309422174
2022-03-31 16:30:00,PARTIAL_CLOSE,LONG,45875.0,0.0832108942968355,-125.6526109329368,1110.3675589583627,Stop Loss
2022-03-31 16:30:00,ADD,LONG,45875.0,0.062408170722626624,-1.145189932760104,1109.2223690256026,adx=55.31550628592269
2022-03-31 23:44:00,ADD,LONG,45419.2,0.02080272357420887,-0.37793722502465243,1108.844431800578,adx=27.329516365544304
2022-04-01 15:10:00,CLOSE,LONG,46650.9,0.10401361787104436,53.719853310014514,1162.5642851105924,Take Profit
2022-04-01 16:36:00,OPEN,LONG,46249.9,0.020109263546266562,-0.37202057123545273,1162.192264539357,entry
2022-04-01 16:59:00,ADD,LONG,46017.5,0.040218527092533124,-0.7403024281923081,1161.4519621111647,adx=41.58072932808021
2022-04-02 00:52:00,CLOSE,LONG,46800.0,0.060327790638799686,40.29144408652246,1201.7434061976871,Take Profit
2022-04-02 01:17:00,OPEN,LONG,46677.4,0.020596578321803477,-0.38455788998317075,1201.358848307704,entry
2022-04-02 02:38:00,ADD,LONG,46426.8,0.041193156643606954,-0.7649865779444553,1200.5938617297595,adx=40.92320074452088
2022-04-02 15:38:00,ADD,LONG,46148.6,0.020596578321803477,-0.38020130173663347,1200.2136604280229,adx=32.06662357291984
2022-04-02 18:09:00,ADD,LONG,45669.6,0.020596578321803477,-0.3762549973300793,1199.8374054306928,adx=35.94491833277686
2022-04-03 21:59:00,CLOSE,LONG,46963.6,0.10298289160901739,67.60483118432899,1267.4422366150218,Take Profit
2022-04-03 22:48:00,OPEN,LONG,46897.4,0.02162068236814871,-0.4055815157169036,1267.0366550993049,entry
2022-04-03 23:00:00,ADD,LONG,46642.3,0.04324136473629743,-0.8067506825759665,1266.229904416729,adx=49.17796032916997
2022-04-04 00:02:00,ADD,LONG,46182.6,0.021620682368148708,-0.3993997302140997,1265.8305046865148,adx=14.04521016315816
2022-04-04 00:26:00,ADD,LONG,45821.9,0.021620682368148708,-0.39628029816208254,1265.4342243883527,adx=55.40310683962142
2022-04-05 12:21:00,CLOSE,LONG,47031.2,0.10810341184074355,60.1609107923623,1325.595135180715,Take Profit
2022-04-05 12:41:00,OPEN,LONG,46829.1,0.022645664942195602,-0.4241904432578849,1325.1709447374571,entry
2022-04-05 13:14:00,ADD,LONG,46420.6,0.022645664942195602,-0.4204901416062512,1324.750454595851,adx=26.38009444044602
2022-04-05 14:06:00,ADD,LONG,46154.4,0.022645664942195595,-0.4180788312032746,1324.3323757646476,adx=31.78478077360026
2022-04-05 16:03:00,ADD,LONG,45588.0,0.02264566494219561,-0.412948229354015,1323.9194275352936,adx=22.645806210289653
2022-04-05 23:51:00,ADD,LONG,45339.4,0.02264566494219561,-0.41069634443215364,1323.5087311908615,adx=44.16794747193303
2022-04-06 00:20:00,PARTIAL_CLOSE,LONG,44399.0,0.09058265976878242,-152.63718043692097,1170.8715507539405,Stop Loss
2022-04-06 00:20:00,ADD,LONG,44399.0,0.0679369948265868,-1.2065338533222985,1169.6650169006182,adx=50.71601513145375
2022-04-06 05:10:00,CLOSE,LONG,45360.3,0.0905826597687824,44.38351318566811,1214.0485300862863,Take Profit
2022-04-06 07:35:00,OPEN,LONG,45336.5,0.021422889373220896,-0.38849552962756206,1213.6600345566587,entry
2022-04-06 11:03:00,ADD,LONG,44882.5,0.042845778746441784,-0.7692102658347721,1212.890824290824,adx=46.01977218212826
2022-04-06 13:43:00,ADD,LONG,44587.1,0.042845778746441784,-0.7641476086182593,1212.1266766822057,adx=48.512936812641065
2022-04-06 14:04:00,ADD,LONG,43915.9,1.3877787807814457e-17,0.0,1212.1266766822057,adx=72.00713502949866
2022-04-06 17:05:00,PARTIAL_CLOSE,LONG,43470.7,0.0856915574928836,-120.1248486507709,1092.0018280314348,Stop Loss
2022-04-07 00:00:00,HEDGE_OPEN,SHORT,43199.9,0.10711444686610448,-1.8509333572683317,1090.1508946741665,trend_bearish_confirmed
2022-04-08 23:07:00,ADD,LONG,42147.2,0.0856915574928836,-1.4446636847856098,1088.7062309893809,adx=20
2022-04-10 17:35:00,CLOSE,LONG,43286.9,0.10711444686610448,58.84525801509403,1147.551489004475,Take Profit
2022-04-21 12:00:00,HEDGE_CLOSE,SHORT,42472.1,0.10711444686610448,74.28721087238591,1221.8386998768608,Hedge Close Trend Up
2022-04-21 20:00:00,HEDGE_OPEN,SHORT,41217.9,0.10711444686610448,-1.7660130237929934,1220.0726868530678,trend_bearish_confirmed
2022-07-18 08:00:00,HEDGE_CLOSE,SHORT,22249.4,0.10711444686610448,2029.0810794862687,3249.1537663393365,Hedge Close Trend Up
2022-07-18 10:02:00,OPEN,LONG,22181.6,0.117183747478607,-1.0397292052284683,3248.114037134108,entry
2022-07-18 11:48:00,ADD,LONG,21983.7,0.35155124243582103,-3.0913588193343458,3245.0226783147737,adx=55.53468825258907
2022-07-18 13:33:00,CLOSE,LONG,22310.1,0.468734989914428,121.49033925809181,3366.5130175728655,Take Profit
2022-07-18 14:11:00,OPEN,LONG,22028.0,0.12226304766925243,-1.077284165623496,3365.435733407242,entry
2022-07-18 15:39:00,CLOSE,LONG,22376.0,0.12226304766925243,40.37595324141785,3405.81168664866,Take Profit
2022-07-18 20:00:00,HEDGE_OPEN,SHORT,21595.7,0.6113152383462621,-5.2807121971018205,3400.530974451558,trend_bearish_confirmed
2022-07-19 00:00:00,HEDGE_CLOSE,SHORT,22368.5,0.6113152383462621,-483.174810354672,2917.356164096886,Hedge Close Trend Up
2022-07-19 13:42:00,OPEN,LONG,22174.4,0.10525132275405463,-0.933553972511163,2916.422610124375,entry
2022-07-19 14:50:00,CLOSE,LONG,22480.8,0.10525132275405463,30.368997744703393,2946.7916078690782,Take Profit
2022-07-19 16:17:00,OPEN,LONG,22957.3,0.10268774142844597,-0.9429733145179853,2945.8486345545602,entry
2022-07-19 16:24:00,CLOSE,LONG,23250.0,0.10268774142844597,28.1587326063036,2974.007367160864,Take Profit
2022-07-19 19:54:00,OPEN,LONG,23384.9,0.10174111900109434,-0.951682357491336,2973.0556848033725,entry
2022-07-19 20:08:00,ADD,LONG,23231.7,0.305223357003283,-2.8363429851574438,2970.219341818215,adx=51.36924373552115
2022-07-19 21:33:00,CLOSE,LONG,23560.2,0.40696447600437735,110.47779981479835,3080.6971416330134,Take Profit
2022-07-19 22:24:00,OPEN,LONG,23410.0,0.10527798860770657,-0.9858230853224086,3079.711318547691,entry
2022-07-20 00:13:00,ADD,LONG,23217.3,0.10527798860770657,-0.977708257960785,3078.73361028973,adx=19.099107290667426
2022-07-20 00:44:00,ADD,LONG,23031.8,0.3158339658231197,-2.9096898936181788,3075.823920396112,adx=51.96091726794883
2022-07-20 02:34:00,CLOSE,LONG,23450.9,0.5263899430385328,151.45387454630327,3227.2777949424153,Take Profit
2022-07-20 07:38:00,OPEN,LONG,23550.9,0.10962732787086404,-1.032728894381762,3226.2450660480336,entry
2022-07-20 07:59:00,ADD,LONG,23376.7,0.2192546557417281,-2.0501801243508453,3224.1948859236827,adx=44.00085116837146
2022-07-20 10:23:00,CLOSE,LONG,23735.7,0.32888198361259213,92.76614494371051,3316.961030867393,Take Profit
2022-07-20 11:45:00,OPEN,LONG,23581.6,0.11252708996395133,-1.0614275298776192,3315.8996033375156,entry
2022-07-20 13:16:00,CLOSE,LONG,23875.2,0.11252708996395133,30.901883372215707,3346.8014867097313,Take Profit
2022-07-20 16:15:00,OPEN,LONG,23994.9,0.11158376110622613,-1.070976475747102,3345.730510233984,entry
2022-07-20 16:28:00,ADD,LONG,23835.4,0.33475128331867837,-3.191572295365404,3342.538937938619,adx=63.70505672280972
2022-07-20 16:43:00,ADD,LONG,23615.2,0.11158376110622609,-1.0540291341103512,3341.4849088045084,adx=59.340922946238315
2022-07-20 20:14:00,PARTIAL_CLOSE,LONG,23079.9,0.4463350444249045,-335.90816590042596,3005.5767429040825,Stop Loss
2022-07-20 20:18:00,ADD,LONG,23001.1,0.33475128331867837,-3.079859097096687,3002.496883806986,adx=64.89033271861675
2022-07-20 21:42:00,CLOSE,LONG,23488.6,0.44633504442490446,113.25867799393473,3115.7555618009205,Take Profit
2022-07-20 22:53:00,OPEN,LONG,23310.8,0.1069291680011298,-0.9970417797762821,3114.7585200211442,entry
2022-07-21 00:34:00,ADD,LONG,23128.5,0.1069291680011298,-0.9892445048458285,3113.7692755162984,adx=31.263765377426427
2022-07-21 02:47:00,ADD,LONG,22930.0,0.2138583360022596,-1.9615086578128285,3111.8077668584856,adx=45.32597292797128
2022-07-21 06:49:00,ADD,LONG,22779.9,0.10692916800112978,-0.9743343016593826,3110.833432556826,adx=43.52889661554632
2022-07-22 00:33:00,CLOSE,LONG,23338.8,0.534645840005649,162.75589431184017,3273.5893268686664,Take Profit
2022-07-22 02:11:00,OPEN,LONG,23020.0,0.113765050455905,-1.0475485845981893,3272.541778284068,entry
2022-07-22 03:28:00,ADD,LONG,22884.6,0.113765050455905,-1.041387069465145,3271.500391214603,adx=24.007902937421004
2022-07-22 07:26:00,CLOSE,LONG,23266.5,0.22753010091181,67.2834904152819,3338.783881629885,Take Profit
2022-07-22 07:44:00,OPEN,LONG,23074.9,0.11575465572132092,-1.068410842121466,3337.7154707877635,entry
2022-07-22 09:05:00,CLOSE,LONG,23393.4,0.11575465572132092,34.71628901985878,3372.4317598076223,Take Profit
2022-07-22 10:59:00,OPEN,LONG,23427.1,0.11516343925821369,-1.0791781631382946,3371.352581644484,entry
2022-07-22 13:50:00,CLOSE,LONG,23711.0,0.11516343925821369,30.523466118967917,3401.876047763452,Take Profit
2022-07-22 15:04:00,OPEN,LONG,23507.9,0.11576962800636217,-1.0886003352843545,3400.7874474281675,entry
2022-07-22 15:26:00,ADD,LONG,23372.1,0.34730888401908655,-3.246935187272811,3397.5405122408947,adx=59.53022718723778
2022-07-22 15:37:00,ADD,LONG,23239.3,0.11576962800636215,-1.0761620464513726,3396.4643501944433,adx=73.04687745752943
2022-07-22 19:44:00,PARTIAL_CLOSE,LONG,22657.6,0.4630785120254487,-335.3443430270263,3061.120007167417,Stop Loss
2022-07-22 20:41:00,ADD,LONG,22564.2,0.11576962800636217,-1.0448996161044306,3060.0751075513126,adx=23.90925964795067
2022-07-23 10:38:00,ADD,LONG,22444.0,0.23153925601272438,-2.0786668247797024,3057.996440726533,adx=40.44093349991624
2022-07-23 11:42:00,ADD,LONG,22304.8,0.11576962800636215,-1.032887359502638,3056.9635533670303,adx=45.50895633470801
2022-07-24 22:39:00,CLOSE,LONG,22918.1,0.5788481400318108,154.24168139907306,3211.2052347661033,Take Profit
2022-07-24 22:52:00,OPEN,LONG,22750.0,0.11292150276100583,-1.0275856751250103,3210.1776490909783,entry
2022-07-24 23:04:00,ADD,LONG,22528.8,0.3387645082830175,-3.0527831416825393,3207.124865949296,adx=65.85279715351881
2022-07-25 02:34:00,PARTIAL_CLOSE,LONG,21903.0,0.3613488088352187,-249.28052288163417,2957.8443430676616,Stop Loss
2022-07-25 04:00:00,HEDGE_OPEN,SHORT,21856.3,0.5646075138050292,-4.936092481590549,2952.908250586071,trend_bearish_confirmed
2022-07-26 00:00:00,ADD,LONG,21242.5,0.3613488088352187,-3.0703808286730236,2949.837869757398,adx=20
2022-07-27 18:01:00,CLOSE,LONG,21864.3,0.45168601104402334,148.56090215785116,3098.398771915249,Take Profit
2022-07-27 20:00:00,HEDGE_CLOSE,SHORT,22752.7,0.5646075138050292,-516.1888060081601,2582.209965907089,Hedge Close Trend Up
2022-07-27 21:31:00,OPEN,LONG,22632.9,0.09127279194118612,-0.8263071890901301,2581.383658717999,entry
2022-07-27 23:47:00,CLOSE,LONG,22909.6,0.09127279194118612,23.592465079333124,2604.976123797332,Take Profit
2022-07-28 01:13:00,OPEN,LONG,22719.0,0.09172854874941089,-0.8335923596150678,2604.142531437717,entry
2022-07-28 02:45:00,CLOSE,LONG,23000.1,0.09172854874941089,24.107396376207817,2628.249927813925,Take Profit
2022-07-28 03:30:00,OPEN,LONG,23130.3,0.09090240689706316,-0.8410399769004471,2627.4088878370244,entry
2022-07-28 07:30:00,ADD,LONG,22931.3,0.27270722069118947,-2.501412435934526,2624.90747540109,adx=55.10377849466563
2022-07-28 15:19:00,CLOSE,LONG,23269.1,0.36360962758825266,98.01095329983673,2722.9184287009266,Take Profit
2022-07-28 18:07:00,OPEN,LONG,23815.0,0.09146902132944537,-0.8713338971842859,2722.0470948037423,entry
2022-07-28 19:53:00,ADD,LONG,23681.5,0.09146902132944537,-0.866449451445078,2721.1806453522972,adx=31.473322177574257
2022-07-28 20:35:00,CLOSE,LONG,24065.0,0.18293804265889074,54.446880064938796,2775.627525417236,Take Profit
2022-07-28 20:46:00,OPEN,LONG,23808.9,0.09326352835846212,-0.8882008081336608,2774.7393246091024,entry
2022-07-28 20:53:00,CLOSE,LONG,24103.6,0.09326352835846212,25.69736628624878,2800.436690895351,Take Profit
2022-07-28 21:19:00,OPEN,LONG,23959.1,0.09350724162077378,-0.8961397410866994,2799.5405511542644,entry
2022-07-28 23:17:00,ADD,LONG,23824.9,0.18701448324154757,-1.7822405447127494,2797.7583106095517,adx=46.98001659910887
2022-07-29 00:21:00,ADD,LONG,23704.1,0.18701448324154757,-1.7732040048822455,2795.9851066046695,adx=40.60287452604843
2022-07-29 05:37:00,CLOSE,LONG,24100.9,0.4675362081038689,130.12386953690248,2926.108976141572,Take Profit
2022-07-29 06:58:00,OPEN,LONG,23964.6,0.09768104541337047,-0.9363548723654276,2925.1726212692065,entry
2022-07-29 08:09:00,ADD,LONG,23827.3,0.09768104541337047,-0.9309902293512096,2924.2416310398553,adx=24.171631770917624
2022-07-29 11:41:00,ADD,LONG,23670.6,0.2930431362401114,-2.774602744274034,2921.4670282955813,adx=71.41840836909134
2022-07-29 14:11:00,CLOSE,LONG,24063.0,0.48840522706685235,138.28241809567317,3059.7494463912544,Take Profit
2022-07-29 15:00:00,OPEN,LONG,23989.0,0.10203841582029279,-0.979119822845405,3058.770326568409,entry
2022-07-29 16:02:00,ADD,LONG,23839.8,0.10203841582029279,-0.9730301701888493,3057.79729639822,adx=22.198770092034746
2022-07-29 16:10:00,ADD,LONG,23711.6,0.30611524746087837,-2.903392920677561,3054.8939034775426,adx=57.38216407327609
2022-07-29 23:14:00,CLOSE,LONG,24093.4,0.5101920791014639,143.63210669506725,3198.52601017261,Take Profit
2022-07-29 23:35:00,OPEN,LONG,23989.2,0.10666553316234338,-1.02352832325505,3197.502481849355,entry
2022-07-29 23:51:00,ADD,LONG,23844.1,0.31999659948703013,-3.052012367131283,3194.4504694822235,adx=61.308051543907645
2022-07-30 01:51:00,ADD,LONG,23722.8,0.10666553316234334,-1.0121620440413608,3193.438307438182,adx=44.77686540435333
2022-07-30 12:29:00,CLOSE,LONG,24170.0,0.5333276658117169,161.0289319912804,3354.4672394294626,Take Profit
2022-07-30 14:35:00,OPEN,LONG,24436.3,0.10981915394489224,-1.0734295166175798,3353.393809912845,entry
2022-07-30 19:42:00,ADD,LONG,24225.7,0.2196383078897845,-2.12835670217828,3351.2654532106667,adx=47.3037291189229
2022-07-30 21:20:00,ADD,LONG,23861.8,0.21963830788978445,-2.0963861500817984,3349.169067060585,adx=47.22736862556264
2022-07-31 22:26:00,PARTIAL_CLOSE,LONG,23335.6,0.43927661577956895,-349.66165592723155,2999.5074111333533,Stop Loss
2022-07-31 22:28:00,ADD,LONG,23305.0,0.2196383078897845,-2.047468306148403,2997.459942827205,adx=49.640627254441476
2022-08-01 06:26:00,ADD,LONG,23170.1,0.21963830788978445,-2.0356166230549206,2995.42432620415,adx=46.549859298913816
2022-08-08 06:31:00,CLOSE,LONG,23735.7,0.5490957697244612,161.77942771899552,3157.2037539231455,Take Profit
2022-08-08 10:24:00,OPEN,LONG,24018.1,0.10516081634844208,-1.0103052012555054,3156.19344872189,entry
2022-08-08 19:16:00,ADD,LONG,23832.9,0.10516081634844208,-1.0025148879803965,3155.1909338339096,adx=24.081255843454635
2022-08-08 22:44:00,ADD,LONG,23704.2,0.10516081634844207,-0.9971012091546072,3154.193832624755,adx=24.415938493281903
2022-08-09 09:43:00,ADD,LONG,23581.1,0.1051608163484421,-0.9919230905575205,3153.2019095341975,adx=39.842875698478174
2022-08-09 11:43:00,ADD,LONG,23282.5,0.10516081634844204,-0.9793626826531181,3152.2225468515444,adx=54.580365273146754
2022-08-09 14:07:00,PARTIAL_CLOSE,LONG,22912.4,0.42064326539376834,-328.3225678957392,2823.899978955805,Stop Loss
2022-08-09 14:07:00,ADD,LONG,22912.4,0.31548244904532624,-2.8913840262025587,2821.0085949296026,adx=74.63319732151788
2022-08-10 12:30:00,CLOSE,LONG,23458.8,0.4206432653937683,136.90292732112994,2957.9115222507326,Take Profit
2022-08-10 14:13:00,OPEN,LONG,23914.7,0.09894873102320273,-0.9465316871201139,2956.9649905636124,entry
2022-08-10 18:19:00,ADD,LONG,23788.8,0.09894873102320273,-0.9415486290258741,2956.0234419345866,adx=37.5172156417674
2022-08-10 18:46:00,ADD,LONG,23575.0,0.2968461930696082,-2.7992596006465646,2953.22418233394,adx=52.24583581769912
2022-08-10 21:25:00,CLOSE,LONG,23977.2,0.49474365511601365,134.7854085225481,3088.009590856488,Take Profit
2022-08-11 02:43:00,OPEN,LONG,24253.9,0.101856100366753,-0.9881630690742895,3087.021427787414,entry
2022-08-11 05:09:00,CLOSE,LONG,24558.5,0.101856100366753,29.036631886296163,3116.05805967371,Take Profit
2022-08-11 06:35:00,OPEN,LONG,24479.0,0.10183612270676777,-0.9971385790954628,3115.0609210946145,entry
2022-08-11 12:57:00,CLOSE,LONG,24782.5,0.10183612270676777,28.900623178016303,3143.961544272631,Take Profit
2022-08-11 13:14:00,OPEN,LONG,24688.6,0.10187573355387121,-1.0060676941670863,3142.9554765784637,entry
2022-08-11 14:40:00,ADD,LONG,24542.3,0.30562720066161364,-3.000317778718909,3139.955158799745,adx=54.29543207599899
2022-08-11 15:45:00,ADD,LONG,24335.7,0.1018757335538712,-0.9916869156186294,3138.963471884126,adx=44.669058435871236
2022-08-12 00:14:00,PARTIAL_CLOSE,LONG,23761.9,0.40750293421548484,-316.97402206413835,2821.989449819988,Stop Loss
2022-08-12 00:14:00,ADD,LONG,23761.9,0.1018757335538712,-0.9683043972536325,2821.021145422734,adx=38.39135592012629
2022-08-12 11:33:00,ADD,LONG,23622.8,0.1018757335538712,-0.9626360314387057,2820.0585093912955,adx=36.108461232864855
2022-08-12 23:09:00,CLOSE,LONG,24292.8,0.3056272006616136,88.25436524852103,2908.3128746398165,Take Profit
2022-08-13 01:32:00,OPEN,LONG,24433.6,0.0952233931844613,-0.9306601198845783,2907.382214519932,entry
2022-08-13 03:27:00,CLOSE,LONG,24737.2,0.0952233931844613,27.03693800216479,2934.4191525220967,Take Profit
2022-08-13 06:47:00,OPEN,LONG,24687.2,0.0950911938987685,-0.93901412880723,2933.4801383932895,entry
2022-08-13 07:54:00,ADD,LONG,24557.5,0.0950911938987685,-0.9340807976677752,2932.5460575956217,adx=33.360352446164356
2022-08-13 08:55:00,ADD,LONG,24370.2,0.28527358169630546,-2.780869696262016,2929.7651878993597,adx=72.84548102564075
2022-08-14 07:03:00,CLOSE,LONG,24771.3,0.47545596949384245,133.38587067524622,3063.151058574606,Take Profit
2022-08-14 08:45:00,OPEN,LONG,24696.9,0.09922382351063026,-0.980208338743978,3062.170850235862,entry
2022-08-14 11:38:00,ADD,LONG,24560.0,0.09922382351063026,-0.9747748421682445,3061.1960753936937,adx=30.628419026098207
2022-08-14 13:16:00,ADD,LONG,24421.3,0.2976714705318908,-2.907809713320148,3058.2882656803736,adx=53.9353222054605
2022-08-15 02:29:00,CLOSE,LONG,24800.0,0.4961191175531513,136.9875851965644,3195.275850876938,Take Profit
2022-08-15 03:40:00,OPEN,LONG,24910.8,0.10261495739605114,-1.0224882722804978,3194.2533626046575,entry
2022-08-15 04:08:00,ADD,LONG,24698.5,0.10261495739605114,-1.0137742100987452,3193.2395883945587,adx=32.557583802969866
2022-08-15 06:14:00,ADD,LONG,24562.6,0.3078448721881534,-3.0245881830433063,3190.2150002115154,adx=62.00170197331921
2022-08-15 08:16:00,PARTIAL_CLOSE,LONG,23894.9,0.41045982958420457,-317.7279075464876,2872.487092665028,Stop Loss
2022-08-16 14:17:00,ADD,LONG,23737.1,0.30784487218815343,-2.922937806246864,2869.564154858781,adx=53.302867182581615
2022-08-17 06:00:00,CLOSE,LONG,24371.9,0.4104598295842045,153.93080947460203,3023.494964333383,Take Profit
2022-08-17 07:25:00,OPEN,LONG,24009.9,0.10074160956383436,-0.9675183885865408,3022.5274459447965,entry
2022-08-17 10:12:00,ADD,LONG,23757.4,0.10074160956383436,-0.9573434860208181,3021.5701024587756,adx=33.45926890303895
2022-08-17 12:17:00,ADD,LONG,23601.3,0.10074160956383435,-0.9510531799196542,3020.619049278856,adx=30.73606085114256
2022-08-17 13:47:00,ADD,LONG,23391.6,0.2014832191276687,-1.8852059474188536,3018.733843331437,adx=61.18362442757374
2022-08-19 00:21:00,PARTIAL_CLOSE,LONG,22887.7,0.40296643825533746,-302.95624501425164,2715.7775983171855,Stop Loss
2022-08-19 04:00:00,HEDGE_OPEN,SHORT,22764.4,0.5037080478191718,-4.586644593509845,2711.1909537236756,trend_bearish_confirmed
2022-08-19 06:38:00,ADD,LONG,21474.9,0.40296643825533746,-3.4614655859559207,2707.7294881377197,adx=20
2022-09-09 16:00:00,HEDGE_CLOSE,SHORT,21235.4,0.5037080478191718,761.30438377054,3469.0338719082597,Hedge Close Trend Up
2022-09-12 01:45:00,CLOSE,LONG,22268.8,0.5037080478191718,170.03993331516494,3639.0738052234246,Take Profit
2022-09-12 02:11:00,OPEN,LONG,21875.8,0.1330812607620631,-1.1645036176714711,3637.909301605753,entry
2022-09-12 03:32:00,ADD,LONG,21573.5,0.1330812607620631,-1.1484114316199339,3636.7608901741332,adx=26.780245012132898
2022-09-12 07:28:00,CLOSE,LONG,22012.6,0.2661625215241262,71.985011375059,3708.7459015491922,Take Profit
2022-09-12 09:30:00,OPEN,LONG,22152.6,0.1339344691476104,-1.1867986884958555,3707.5591028606964,entry
2022-09-12 10:10:00,ADD,LONG,21988.4,0.1339344691476104,-1.178001872562163,3706.381100988134,adx=30.28115418049264
2022-09-12 11:42:00,CLOSE,LONG,22335.9,0.2678689382952208,66.33437813494675,3772.715479123081,Take Profit
2022-09-12 13:03:00,OPEN,LONG,22289.3,0.13540902510614802,-1.2072689533192715,3771.5082101697617,entry
2022-09-12 15:44:00,ADD,LONG,22161.3,0.13540902510614802,-1.2003360112339578,3770.3078741585277,adx=36.1677463491372
2022-09-12 15:56:00,ADD,LONG,22019.8,0.4062270753184441,-3.578015581239015,3766.7298585772887,adx=74.22332201135661
2022-09-12 17:54:00,CLOSE,LONG,22369.8,0.6770451255307401,169.26891845170303,3935.9987770289918,Take Profit
2022-09-12 21:09:00,OPEN,LONG,22308.5,0.1411479490608151,-1.259519608649498,3934.7392574203423,entry
2022-09-13 00:22:00,ADD,LONG,22186.2,0.1411479490608151,-1.252614650981286,3933.486642769361,adx=18.296709402233265
2022-09-13 02:14:00,ADD,LONG,22066.7,0.42344384718244527,-3.737603337048313,3929.7490394323127,adx=53.412434070007826
2022-09-13 05:41:00,CLOSE,LONG,22409.1,0.7057397453040755,178.07280018916617,4107.821839621479,Take Profit
2022-09-13 07:38:00,OPEN,LONG,22273.1,0.1475437847312311,-1.3145029886791235,4106.5073366328,entry
2022-09-13 10:42:00,CLOSE,LONG,22545.4,0.1475437847312311,37.53109613592369,4144.038432768723,Take Profit
2022-09-13 16:00:00,HEDGE_OPEN,SHORT,20739.4,0.7377189236561554,-6.1199391381096575,4137.918493630614,trend_bearish_confirmed
2022-10-04 12:21:00,OPEN,LONG,19908.7,0.1662757887207347,-1.3241339179621718,4136.594359712652,entry
2022-10-04 14:01:00,CLOSE,LONG,20201.5,0.1662757887207347,46.01780888113262,4182.612168593784,Take Profit
2022-10-04 14:23:00,OPEN,LONG,20083.0,0.16661304261689128,-1.3384358939501908,4181.273732699834,entry
2022-10-04 16:00:00,HEDGE_CLOSE,SHORT,20101.7,0.7377189236561554,458.3916566823573,4639.665389382191,Hedge Close Trend Up
2022-10-04 20:29:00,CLOSE,LONG,20372.9,0.16661304261689128,45.604928818314875,4685.270318200506,Take Profit
2022-10-04 21:36:00,OPEN,LONG,20291.3,0.18472036067479192,-1.4992865018239172,4683.771031698682,entry
2022-10-05 00:20:00,ADD,LONG,20156.2,0.5541610820243758,-4.467912640599934,4679.303119058082,adx=53.793868745232665
2022-10-05 08:23:00,ADD,LONG,20020.0,0.18472036067479192,-1.4792406482838487,4677.823878409798,adx=84.02538310120137
2022-10-06 02:00:00,CLOSE,LONG,20406.2,0.9236018033739596,216.11832220152155,4893.94220061132,Take Profit
2022-10-06 05:06:00,OPEN,LONG,20291.5,0.19294550725619378,-1.5660615041952042,4892.376139107125,entry
2022-10-06 06:57:00,ADD,LONG,20182.5,0.19294550725619378,-1.5576490800795,4890.818490027045,adx=24.051522030293803
2022-10-06 16:00:00,ADD,LONG,19991.9,0.1929455072561938,-1.5429389146056565,4889.27555111244,adx=17.397650229123354
2022-10-07 12:51:00,PARTIAL_CLOSE,LONG,19520.7,0.4630692174148651,-297.4794994804288,4591.796051632011,Stop Loss
2022-10-07 16:00:00,HEDGE_OPEN,SHORT,19554.0,0.9647275362809689,-7.545712897775047,4584.250338734236,trend_bearish_confirmed
2022-10-11 14:00:00,ADD,LONG,18900.8,0.4630692174148651,-3.5009514658058833,4580.74938726843,adx=20
2022-10-13 18:51:00,CLOSE,LONG,19386.5,0.5788365217685814,123.25456865486922,4704.003955923299,Take Profit
2022-10-14 04:00:00,HEDGE_CLOSE,SHORT,19798.9,0.9647275362809689,-251.44770414021514,4452.556251783084,Hedge Close Trend Up
2022-10-14 12:00:00,HEDGE_OPEN,SHORT,19600.0,0.9647275362809689,-7.563463884443081,4444.992787898641,trend_bearish_confirmed
2022-10-25 16:00:00,HEDGE_CLOSE,SHORT,19745.9,0.9647275362809689,-155.93697681129743,4289.0558110873435,Hedge Close Trend Up
2022-10-25 20:03:00,OPEN,LONG,20142.6,0.17034765367280666,-1.3724978595482753,4287.683313227795,entry
2022-10-25 22:38:00,ADD,LONG,20010.1,0.51104296101842,-4.090408301709431,4283.592904926086,adx=53.56605530610682
2022-10-26 07:27:00,CLOSE,LONG,20284.0,0.6813906146912266,153.0703881996642,4436.66329312575,Take Profit
2022-10-26 08:12:00,OPEN,LONG,20296.9,0.1748705779946987,-1.4197322538002481,4435.24356087195,entry
2022-10-26 08:37:00,CLOSE,LONG,20587.7,0.1748705779946987,47.99255862762584,4483.236119499576,Take Profit
2022-10-26 09:11:00,OPEN,LONG,20560.1,0.17444413673083597,-1.4346355582401884,4481.801483941335,entry
2022-10-26 13:28:00,ADD,LONG,20441.1,0.17444413673083597,-1.4263320173313332,4480.375151924004,adx=26.204098972115425
2022-10-26 14:12:00,CLOSE,LONG,20767.2,0.34888827346167195,87.25447310825803,4567.629625032262,Take Profit
2022-10-26 17:24:00,OPEN,LONG,20697.5,0.17654807102431744,-1.4616414800102575,4566.167983552252,entry
2022-10-27 09:17:00,ADD,LONG,20588.3,0.5296442130729523,-4.361789580803816,4561.806193971448,adx=75.5343838480883
2022-10-27 13:51:00,ADD,LONG,20477.0,0.17654807102431747,-1.446069940146117,4560.360124031302,adx=55.89237693284742
2022-10-29 08:17:00,CLOSE,LONG,20846.0,0.8827403551215872,213.22279728587728,4773.582921317179,Take Profit
2022-10-29 10:55:00,OPEN,LONG,20757.9,0.183971708942318,-1.5275465348213402,4772.055374782358,entry
2022-10-30 09:49:00,ADD,LONG,20649.0,0.551915126826954,-4.558598181540219,4767.496776600818,adx=75.4176200856681
2022-10-30 22:23:00,ADD,LONG,20535.2,0.18397170894231807,-1.511158334988977,4765.985618265829,adx=59.55698579102084
2022-11-04 14:14:00,CLOSE,LONG,20910.7,0.9198585447115901,226.33718504513035,4992.322803310959,Take Profit
2022-11-04 15:42:00,OPEN,LONG,21035.1,0.18986637775188936,-1.5975432970599286,4990.725260013899,entry
2022-11-04 15:53:00,ADD,LONG,20901.8,0.569599133255668,-4.762258865393051,4985.963001148506,adx=61.917434703486684
2022-11-04 16:04:00,ADD,LONG,20729.7,0.18986637775188941,-1.5743492203537244,4984.388651928152,adx=79.79704536068074
2022-11-04 21:53:00,CLOSE,LONG,21166.3,0.9493318887594469,242.49341122802343,5226.882063156176,Take Profit
2022-11-04 23:14:00,OPEN,LONG,21133.9,0.19785773806656323,-1.6726022602097146,5225.209460895966,entry
2022-11-05 00:45:00,CLOSE,LONG,21401.3,0.19785773806656323,49.540791774915306,5274.750252670881,Take Profit
2022-11-05 04:59:00,OPEN,LONG,21354.9,0.19760336981848217,-1.6879200808543828,5273.062332590027,entry
2022-11-05 13:29:00,ADD,LONG,21242.6,0.3952067396369644,-3.358087474965032,5269.704245115062,adx=49.96576358474412
2022-11-06 21:53:00,ADD,LONG,21122.5,0.3952067396369643,-3.339101743192259,5266.36514337187,adx=43.385517056179374
2022-11-07 22:20:00,PARTIAL_CLOSE,LONG,20525.1,0.7904134792739287,-553.3922208605964,4712.972922511273,Stop Loss
2022-11-07 22:24:00,ADD,LONG,20511.3,0.19760336981848214,-1.6212407997427363,4711.351681711531,adx=33.181665411630334
2022-11-08 04:11:00,ADD,LONG,19731.0,0.5928101094554465,-4.678694507866567,4706.672987203664,adx=20
2022-11-08 08:00:00,HEDGE_OPEN,SHORT,19779.3,0.9880168490924108,-7.816912665301061,4698.856074538363,trend_bearish_confirmed
2022-11-08 16:32:00,CLOSE,LONG,20509.6,0.9880168490924108,298.64687286244407,4997.502947400807,Take Profit
2022-12-13 12:00:00,HEDGE_CLOSE,SHORT,17442.8,0.9880168490924108,2293.7909431209764,7291.293890521783,Hedge Close Trend Up
2022-12-13 12:55:00,OPEN,LONG,17418.8,0.33487008935273543,-2.333214044966553,7288.960676476817,entry
2022-12-13 13:30:00,CLOSE,LONG,17900.0,0.33487008935273543,156.40860311180404,7445.369279588621,Take Profit
2022-12-13 14:37:00,OPEN,LONG,17838.5,0.33390113651208886,-2.3825181694683124,7442.986761419153,entry
2022-12-13 16:55:00,ADD,LONG,17733.3,0.6678022730241778,-4.736935219288171,7438.249826199864,adx=44.14227927201713
2022-12-13 17:52:00,ADD,LONG,17628.8,0.6678022730241775,-4.709021084275264,7433.540805115589,adx=48.74141815944836
2022-12-14 13:26:00,CLOSE,LONG,17925.9,1.6695056825604442,332.4063011920616,7765.947106307651,Take Profit
2022-12-14 13:35:00,OPEN,LONG,17864.0,0.34778088250370137,-2.4851030740182978,7763.4620032336325,entry
2022-12-14 14:56:00,CLOSE,LONG,18080.0,0.34778088250370137,70.12041620451419,7833.582419438147,Take Profit
2022-12-14 18:03:00,OPEN,LONG,18072.5,0.3467625362042063,-2.5067463742198015,7831.075673063927,entry
2022-12-14 18:36:00,CLOSE,LONG,18308.1,0.3467625362042063,76.65108187985788,7907.726754943785,Take Profit
2022-12-14 18:58:00,OPEN,LONG,18112.5,0.3492715750975861,-2.530472561582428,7905.196282382202,entry
2022-12-14 19:24:00,ADD,LONG,17850.7,0.3492715750975861,-2.4938968422375183,7902.702385539965,adx=19.683398073111867
2022-12-14 19:34:00,ADD,LONG,17717.2,0.3492715750975861,-2.4752457401273205,7900.2271397998375,adx=31.574224086526133
2022-12-15 01:53:00,ADD,LONG,17614.1,0.6985431501951722,-4.921683560741258,7895.305456239096,adx=74.92636973939015
2022-12-16 08:54:00,PARTIAL_CLOSE,LONG,17222.1,1.3970863003903444,-791.4617394140296,7103.843716825067,Stop Loss
2022-12-16 12:00:00,HEDGE_OPEN,SHORT,17009.2,1.7463578754879305,-11.881660150299467,7091.962056674767,trend_bearish_confirmed
2022-12-16 22:39:00,ADD,LONG,16705.0,1.3970863003903444,-9.335330659208012,7082.626726015559,adx=20
2023-01-08 16:00:00,HEDGE_CLOSE,SHORT,16998.9,1.7463578754879305,-5.768639188628185,7076.858086826931,Hedge Close Trend Up
2023-01-08 23:59:00,CLOSE,LONG,17124.7,1.7463578754879305,323.15973875517375,7400.017825582105,Take Profit
2023-01-09 02:04:00,OPEN,LONG,17154.3,0.34510380840172344,-2.368005704186544,7397.649819877918,entry
2023-01-09 17:21:00,CLOSE,LONG,17362.1,0.34510380840172344,66.94787494895081,7464.597694826869,Take Profit
2023-01-09 18:38:00,OPEN,LONG,17339.1,0.3444053126091606,-2.38867126234436,7462.209023564525,entry
2023-01-09 20:08:00,ADD,LONG,17250.2,1.0332159378274817,-7.129272628284525,7455.07975093624,adx=57.941377648918845
2023-01-09 21:38:00,ADD,LONG,17161.7,0.34440531260916063,-2.3642322613623037,7452.715518674878,adx=40.24524433590908
2023-01-10 20:18:00,CLOSE,LONG,17463.3,1.722026563045803,342.9150157166514,7795.630534391529,Take Profit
2023-01-10 22:40:00,OPEN,LONG,17411.8,0.3581768931134761,-2.494601771005364,7793.135932620524,entry
2023-01-11 15:53:00,ADD,LONG,17312.5,1.0745306793404283,-7.44112495443278,7785.694807666091,adx=52.649764294727994
2023-01-11 20:00:00,CLOSE,LONG,17557.9,1.4327075724539045,296.0216115540279,8081.716419220119,Take Profit
2023-01-11 22:10:00,OPEN,LONG,17508.0,0.36928107924240894,-2.5861492541507687,8079.130269965968,entry
2023-01-11 23:32:00,CLOSE,LONG,17740.4,0.36928107924240894,80.6142959385088,8159.744565904477,Take Profit
2023-01-12 04:05:00,OPEN,LONG,18203.3,0.3586050690107608,-2.6111182610893593,8157.133447643388,entry
2023-01-12 05:49:00,ADD,LONG,18083.2,1.0758152070322824,-7.78167262072202,8149.351775022666,adx=60.05443496110057
2023-01-12 14:03:00,CLOSE,LONG,18339.0,1.4344202760430431,302.94111356486246,8452.292888587528,Take Profit
2023-01-12 14:16:00,OPEN,LONG,18204.0,0.37144772087837963,-2.704733724347534,8449.58815486318,entry
2023-01-12 14:43:00,ADD,LONG,17964.6,0.37144772087837963,-2.6691638905958825,8446.918990972585,adx=22.0615782118304
2023-01-12 17:34:00,CLOSE,LONG,18314.9,0.7428954417567593,160.49536896367317,8607.414359936258,Take Profit
2023-01-12 18:28:00,OPEN,LONG,18665.8,0.36890631464759116,-2.7543725951800297,8604.659987341078,entry
2023-01-12 19:38:00,CLOSE,LONG,18936.5,0.36890631464759116,94.31424900899401,8698.974236350072,Take Profit
2023-01-12 21:12:00,OPEN,LONG,18860.4,0.36898365830417473,-2.783671755632895,8696.190564594439,entry
2023-01-12 21:19:00,ADD,LONG,18761.8,1.1069509749125241,-8.307357120445886,8687.883207473993,adx=63.81375012290683
2023-01-13 10:48:00,CLOSE,LONG,19012.5,1.475934633216699,311.3195120769433,8999.202719550936,Take Profit
2023-01-13 11:33:00,OPEN,LONG,18925.6,0.3804033782622876,-2.8797448702571273,8996.32297468068,entry
2023-01-13 15:19:00,CLOSE,LONG,19153.0,0.3804033782622876,80.70963698504602,9077.032611665725,Take Profit
2023-01-13 16:09:00,OPEN,LONG,19142.5,0.37934575365456863,-2.9046504357338563,9074.127961229991,entry
2023-01-13 20:13:00,CLOSE,LONG,19376.3,0.37934575365456863,82.84625991808934,9156.97422114808,Take Profit
2023-01-13 20:23:00,OPEN,LONG,19321.7,0.3791374142502194,-2.9302317507681437,9154.043989397313,entry
2023-01-13 21:37:00,CLOSE,LONG,19600.4,0.3791374142502194,99.76286761106167,9253.806857008374,Take Profit
2023-01-13 22:50:00,OPEN,LONG,19781.5,0.37424085562807163,-2.9612181942429743,9250.845638814131,entry
2023-01-14 00:06:00,CLOSE,LONG,20026.9,0.37424085562807163,85.87953410025511,9336.725172914386,Take Profit
2023-01-14 01:27:00,OPEN,LONG,20755.5,0.3598747386635595,-2.9877520553327486,9333.737420859054,entry
2023-01-14 02:09:00,CLOSE,LONG,21008.8,0.3598747386635595,85.14430468429236,9418.881725543346,Take Profit
2023-01-14 03:11:00,OPEN,LONG,20868.1,0.3610824838118793,-3.0140421521737153,9415.867683391172,entry
2023-01-14 09:17:00,ADD,LONG,20626.7,1.0832474514356378,-8.937528082611607,9406.93015530856,adx=56.45715125489279
2023-01-14 10:23:00,ADD,LONG,20295.8,0.36108248381187935,-2.93138314998032,9403.99877215858,adx=27.00030883259984
2023-01-14 12:32:00,CLOSE,LONG,20971.7,1.8054124190593965,625.1561864403775,10029.154958598958,Take Profit
2023-01-14 15:42:00,OPEN,LONG,20675.1,0.38806699686478746,-3.209329586752574,10025.945629012205,entry
2023-01-14 21:06:00,CLOSE,LONG,20930.7,0.38806699686478746,92.73158925537791,10118.677218267583,Take Profit
2023-01-14 23:57:00,OPEN,LONG,20956.7,0.38626986952211306,-3.237976709846407,10115.439241557737,entry
2023-01-15 00:31:00,ADD,LONG,20771.3,0.38626986952211306,-3.209330936322658,10112.229910621414,adx=34.87231961043665
2023-01-15 03:21:00,ADD,LONG,20603.4,0.3862698695221132,-3.18338905188466,10109.04652156953,adx=17.981174596748733
2023-01-15 17:27:00,CLOSE,LONG,21043.8,1.1588096085663393,289.6308958633399,10398.67741743287,Take Profit
2023-01-15 17:48:00,OPEN,LONG,20932.8,0.3974118098843106,-3.3275767735776753,10395.349840659292,entry
2023-01-15 18:03:00,ADD,LONG,20808.2,1.1922354296529316,-9.92330930692151,10385.42653135237,adx=62.984330875548366
2023-01-16 01:07:00,CLOSE,LONG,21190.6,1.5896472395372423,531.6384752893009,10917.065006641671,Take Profit
2023-01-16 03:06:00,OPEN,LONG,21113.3,0.41365641587593305,-3.4934608021249005,10913.571545839546,entry
2023-01-16 08:08:00,ADD,LONG,20894.3,0.41365641587593305,-3.457224500094526,10910.114321339452,adx=15.465346562339434
2023-01-16 15:11:00,ADD,LONG,20787.3,0.41365641587593305,-3.439520005495069,10906.674801333957,adx=22.176517941963873
2023-01-16 18:47:00,CLOSE,LONG,21210.2,1.2409692476277991,324.7739790653868,11231.448780399343,Take Profit
2023-01-16 20:13:00,OPEN,LONG,21264.1,0.42255063813279076,-3.5940636097275274,11227.854716789616,entry
2023-01-16 21:18:00,ADD,LONG,21153.9,0.8451012762655814,-7.150875155197355,11220.703841634418,adx=48.4867246447087
2023-01-17 01:12:00,ADD,LONG,20940.3,0.4225506381327908,-3.539334851077001,11217.164506783341,adx=27.27521839311343
2023-01-17 14:12:00,CLOSE,LONG,21382.9,1.690202552531163,402.00727403236124,11619.171780815703,Take Profit
2023-01-17 15:31:00,OPEN,LONG,21237.8,0.43767892270633313,-3.71813496986033,11615.453645845842,entry
2023-01-17 15:40:00,ADD,LONG,21118.0,1.3130367681189994,-11.091484187654714,11604.362161658188,adx=51.27323045205372
2023-01-18 13:48:00,CLOSE,LONG,21405.5,1.7507156908253325,421.0972291265625,12025.45939078475,Take Profit
2023-01-18 14:28:00,OPEN,LONG,21381.9,0.4499304324044075,-3.848147005051942,12021.611243779698,entry
2023-01-18 15:49:00,ADD,LONG,21215.3,1.3497912972132224,-11.454490923106277,12010.156752856592,adx=69.58699274819962
2023-01-18 16:21:00,ADD,LONG,20636.5,0.44993043240440733,-3.7139957473245886,12006.442757109267,adx=52.807151567546214
2023-01-18 16:44:00,PARTIAL_CLOSE,LONG,20496.7,1.79972172961763,-1159.666318063726,10846.776439045541,Stop Loss
2023-01-18 16:45:00,ADD,LONG,20442.1,1.3497912972132224,-11.037027470705652,10835.739411574836,adx=52.16671772401401
2023-01-18 17:00:00,CLOSE,LONG,20865.2,1.7997217296176298,405.5940356342344,11241.33344720907,Take Profit
2023-01-18 19:50:00,OPEN,LONG,20901.2,0.430265571247931,-3.597226703106571,11237.736220505964,entry
2023-01-18 20:32:00,ADD,LONG,20773.3,0.8605311424958619,-7.150428632963667,11230.585791873,adx=40.216408611380544
2023-01-19 19:22:00,CLOSE,LONG,21069.4,1.290796713743793,305.54776012863476,11536.133552001635,Take Profit
2023-01-19 20:43:00,OPEN,LONG,21046.9,0.4384924545468125,-3.691562736639753,11532.441989264995,entry
2023-01-19 21:56:00,ADD,LONG,20928.9,1.3154773636404375,-11.012597678358361,11521.429391586636,adx=70.65445050276055
2023-01-20 16:28:00,CLOSE,LONG,21210.0,1.75396981818725,411.713965903411,11933.143357490047,Take Profit
2023-01-21 00:11:00,OPEN,LONG,22472.2,0.4248144234205835,-3.81860587439769,11929.32475161565,entry
2023-01-21 08:43:00,CLOSE,LONG,22755.2,0.4248144234205835,112.53718108649991,12041.86193270215,Take Profit
2023-01-21 10:25:00,OPEN,LONG,23059.2,0.41777206261109323,-3.8533958184652874,12038.008536883684,entry
2023-01-21 13:33:00,ADD,LONG,22867.9,0.41777206261109323,-3.821427900233175,12034.187108983451,adx=34.078213749789455
2023-01-21 15:30:00,CLOSE,LONG,23240.5,0.8355441252221865,215.96173646469288,12250.148845448144,Take Profit
2023-01-21 15:58:00,OPEN,LONG,22993.8,0.426207024343889,-3.920047630543195,12246.228797817601,entry
2023-01-21 17:11:00,CLOSE,LONG,23284.8,0.426207024343889,116.13653832535056,12362.365336142951,Take Profit
2023-01-21 18:09:00,OPEN,LONG,23132.0,0.42754159903658834,-3.9559569075663603,12358.409379235385,entry
2023-01-21 22:59:00,ADD,LONG,22739.6,0.42754159903658834,-3.8888499781805876,12354.520529257205,adx=29.172898371093112
2023-01-22 20:05:00,ADD,LONG,22527.2,1.282624797109765,-11.557578131780247,12342.962951125424,adx=89.91176511910207
2023-01-23 14:50:00,CLOSE,LONG,22973.6,2.1377079951829416,565.8391299401828,12908.802081065607,Take Profit
2023-01-23 14:59:00,OPEN,LONG,22635.7,0.45622806738260735,-4.130816665941893,12904.671264399665,entry
2023-01-23 16:04:00,CLOSE,LONG,22909.1,0.45622806738260735,116.42122718907376,13021.092491588739,Take Profit
2023-01-23 18:53:00,OPEN,LONG,23060.0,0.45172914107853385,-4.166749597308808,13016.92574199143,entry
2023-01-23 18:59:00,ADD,LONG,22937.7,0.9034582821570678,-8.289302015453359,13008.636439975977,adx=46.702460525044934
2023-01-23 19:28:00,ADD,LONG,22819.9,0.4517291410785338,-4.123365530598676,13004.513074445378,adx=32.6650726949299
2023-01-24 22:28:00,ADD,LONG,22679.7,0.4517291410785338,-4.098032560366846,13000.415041885011,adx=33.62895101039524
2023-01-25 21:36:00,CLOSE,LONG,23221.9,2.258645705392669,714.7629791498566,13715.178021034868,Take Profit
2023-01-25 22:47:00,OPEN,LONG,23121.3,0.4745469509425463,-4.3888569667306,13710.789164068137,entry
2023-01-25 22:55:00,ADD,LONG,22927.3,1.423640852827639,-13.05609637001362,13697.733067698124,adx=62.367226359889024
2023-01-26 00:54:00,CLOSE,LONG,23259.8,1.8981878037701851,503.97979546272654,14201.71286316085,Take Profit
2023-01-26 03:34:00,OPEN,LONG,23144.9,0.4908800768432216,-4.544548116211445,14197.168315044639,entry
2023-01-26 06:22:00,ADD,LONG,22934.8,0.4908800768432216,-4.503294554553577,14192.665020490085,adx=14.240800175936013
2023-01-27 01:36:00,ADD,LONG,22669.6,1.4726402305296649,-13.353665988006469,14179.311354502079,adx=85.8421759644252
2023-01-27 15:15:00,CLOSE,LONG,23104.9,2.454400384216108,659.8188115131961,14839.130166015275,Take Profit
2023-01-27 15:54:00,OPEN,LONG,22948.7,0.5172974561875932,-4.748521653124044,14834.38164436215,entry
2023-01-27 17:56:00,CLOSE,LONG,23230.1,0.5172974561875932,136.01223386327,14970.39387822542,Take Profit
2023-01-27 20:46:00,OPEN,LONG,23147.5,0.5173912993878534,-4.790526041031626,14965.60335218439,entry
2023-01-27 22:09:00,ADD,LONG,23002.0,1.5521738981635602,-14.281241602222508,14951.322110582167,adx=60.85422696952299
2023-01-29 01:17:00,CLOSE,LONG,23325.5,2.0695651975514138,555.8426824974995,15507.164793079666,Take Profit
2023-01-29 01:52:00,OPEN,LONG,23265.5,0.5332243809272844,-4.962292733785944,15502.20250034588,entry
2023-01-29 02:08:00,ADD,LONG,23105.5,1.5996731427818531,-14.784499120218243,15487.418001225662,adx=52.613485060588104
2023-01-29 10:05:00,CLOSE,LONG,23441.7,2.1328975237091377,592.0179571160315,16079.435958341694,Take Profit
2023-01-29 12:15:00,OPEN,LONG,23389.1,0.5499804937630501,-5.145419506668986,16074.290538835025,entry
2023-01-29 18:38:00,CLOSE,LONG,23672.2,0.5499804937630501,145.34635897986846,16219.636897814893,Take Profit
2023-01-29 20:02:00,OPEN,LONG,23766.6,0.5459640637807645,-5.190283807300148,16214.446614007593,entry
2023-01-30 02:11:00,ADD,LONG,23603.3,1.6378921913422935,-15.463864303963419,16198.98274970363,adx=62.839964063000814
2023-01-30 09:03:00,ADD,LONG,23446.0,0.5459640637807643,-5.120269375762291,16193.862480327867,adx=51.678334683236635
2023-01-30 19:10:00,PARTIAL_CLOSE,LONG,22641.0,2.183856255123058,-2123.923377599962,14069.939102727905,Stop Loss
2023-01-30 19:10:00,ADD,LONG,22641.0,0.5459640637807643,-4.944468947223868,14064.994633780681,adx=36.9930776502559
2023-02-01 19:52:00,CLOSE,LONG,23438.4,1.0919281275615287,303.71100774052866,14368.70564152121,Take Profit
2023-02-02 01:30:00,OPEN,LONG,24001.1,0.4789349035342951,-4.597985805286953,14364.107655715923,entry
2023-02-02 02:24:00,ADD,LONG,23869.4,0.95786980706859,-9.145511029137197,14354.962144686786,adx=47.625393033815655
2023-02-02 06:24:00,ADD,LONG,23707.9,0.95786980706859,-9.083632639600182,14345.878512047186,adx=69.42321961591126
2023-02-02 18:17:00,CLOSE,LONG,24129.1,2.394674517671475,667.5775534496188,15013.456065496805,Take Profit
2023-02-02 19:03:00,OPEN,LONG,23994.1,0.5005715926997655,-4.804305940959239,15008.651759555845,entry
2023-02-02 19:16:00,ADD,LONG,23845.6,1.5017147780992963,-14.323715965058,14994.328043590787,adx=71.1494839667282
2023-02-02 21:30:00,ADD,LONG,23620.3,0.5005715926997656,-4.729460476419263,14989.598583114368,adx=25.088960040031232
2023-02-05 12:55:00,PARTIAL_CLOSE,LONG,23035.0,2.002286370799062,-1610.747280134785,13378.851302979583,Stop Loss
2023-02-05 12:55:00,ADD,LONG,23035.0,1.5017147780992963,-13.836799965407408,13365.014503014176,adx=66.77635780702842
2023-02-05 17:50:00,ADD,LONG,22837.2,0.5005715926997656,-4.572661430720473,13360.441841583455,adx=64.73767222941987
2023-02-13 12:00:00,HEDGE_OPEN,SHORT,21593.3,2.5028579634988275,-21.617985145287093,13338.823856438168,trend_bearish_confirmed
2023-02-14 16:00:00,HEDGE_CLOSE,SHORT,22063.1,2.5028579634988275,-1219.5489786108228,12119.274877827345,Hedge Close Trend Up
2023-02-15 20:08:00,CLOSE,LONG,23492.8,2.5028579634988275,780.9602829426931,12900.235160770038,Take Profit
2023-02-15 22:57:00,OPEN,LONG,24142.7,0.42746619593566715,-4.128075251446717,12896.107085518592,entry
2023-02-16 00:11:00,CLOSE,LONG,24564.0,0.42746619593566715,171.76332124146393,13067.870406760056,Take Profit
2023-02-16 04:15:00,OPEN,LONG,24666.0,0.42383427898354187,-4.18171853016247,13063.688688229893,entry
2023-02-16 07:05:00,ADD,LONG,24523.6,0.8476685579670837,-8.315153859264683,13055.373534370628,adx=43.95240996212075
2023-02-16 15:46:00,CLOSE,LONG,24870.0,1.2715028369506256,354.948798781028,13410.322333151656,Take Profit
2023-02-16 19:14:00,OPEN,LONG,24929.2,0.43034906320785765,-4.291303146608698,13406.031030005048,entry
2023-02-16 20:16:00,ADD,LONG,24743.1,1.291047189623573,-12.777803887029222,13393.253226118019,adx=56.268063207570286
2023-02-16 20:27:00,ADD,LONG,24546.0,0.4303490632078575,-4.225339242200789,13389.027886875818,adx=57.46860477301105
2023-02-16 23:18:00,PARTIAL_CLOSE,LONG,23988.6,1.7213962528314306,-1311.52395546536,12077.503931410458,Stop Loss
2023-02-16 23:19:00,ADD,LONG,23956.3,0.4303490632078577,-4.123828505171332,12073.380102905287,adx=23.751258201428126
2023-02-16 23:47:00,ADD,LONG,23678.5,1.291047189623573,-12.228024351799831,12061.152078553487,adx=51.14496042795941
2023-02-17 15:41:00,CLOSE,LONG,24252.1,2.151745316039288,598.967262604503,12660.11934115799,Take Profit
2023-02-17 16:20:00,OPEN,LONG,24072.7,0.4207295182063662,-4.051238189171272,12656.068102968818,entry
2023-02-17 17:11:00,CLOSE,LONG,24381.8,0.4207295182063662,121.89299870161449,12777.961101670433,Take Profit
2023-02-17 19:09:00,OPEN,LONG,24294.2,0.42077404818172015,-4.0889475525345915,12773.872154117898,entry
2023-02-17 20:00:00,CLOSE,LONG,24588.0,0.42077404818172015,115.39607088457706,12889.268225002475,Take Profit
2023-02-17 21:31:00,OPEN,LONG,24686.6,0.4176927798887648,-4.124565832000371,12885.143659170475,entry
2023-02-17 21:59:00,ADD,LONG,24485.1,0.8353855597775295,-8.181799587882779,12876.961859582592,adx=49.23896498205101
2023-02-17 22:07:00,ADD,LONG,24283.0,0.8353855597775295,-8.114267019231193,12868.847592563361,adx=76.79008503257704
2023-02-17 23:01:00,CLOSE,LONG,24745.7,2.088463899443824,587.8271857928103,13456.674778356171,Take Profit
2023-02-18 01:05:00,OPEN,LONG,24602.1,0.43757808571971246,-4.306135929073207,13452.368642427098,entry
2023-02-18 10:51:00,ADD,LONG,24472.5,1.3127342571591374,-12.850355643331568,13439.518286783767,adx=59.856922041584184
2023-02-18 18:13:00,CLOSE,LONG,24847.2,1.7503123428788498,564.5792790566393,14004.097565840406,Take Profit
2023-02-18 18:35:00,OPEN,LONG,24689.8,0.4537613934771576,-4.481311221068609,13999.616254619337,entry
2023-02-18 20:07:00,ADD,LONG,24562.3,0.4537613934771576,-4.458169390001785,13995.158085229335,adx=32.89477942046564
2023-02-19 15:19:00,CLOSE,LONG,24924.1,0.9075227869543152,252.5000105629315,14247.658095792267,Take Profit
2023-02-19 16:33:00,OPEN,LONG,24984.5,0.45620790796829286,-4.5592505906533916,14243.098845201614,entry
2023-02-19 16:51:00,ADD,LONG,24754.3,1.3686237239048786,-13.551728899463342,14229.54711630215,adx=55.04254430372716
2023-02-19 17:06:00,ADD,LONG,24593.0,0.4562079079682928,-4.48780843226632,14225.059307869884,adx=58.09318395679166
2023-02-20 01:11:00,PARTIAL_CLOSE,LONG,24010.9,1.8248316318731714,-1399.25235495362,12825.806952916264,Stop Loss
2023-02-20 14:41:00,CLOSE,LONG,25065.6,0.4562079079682928,108.55813888115517,12934.36509179742,Take Profit
2023-02-20 16:20:00,OPEN,LONG,24749.3,0.41809231264875923,-4.1389968293751735,12930.226094968044,entry
2023-02-21 02:37:00,CLOSE,LONG,25060.8,0.41809231264875923,121.90566742918236,13052.131762397226,Take Profit
2023-02-21 02:58:00,OPEN,LONG,24902.0,0.4193119191196603,-4.176682163966689,13047.95508023326,entry
2023-02-21 08:45:00,ADD,LONG,24717.3,0.8386238382393205,-8.29140679876582,13039.663673434494,adx=43.88617037954566
2023-02-21 13:56:00,ADD,LONG,24554.8,0.8386238382393205,-8.236896249280107,13031.426777185214,adx=45.65176453780066
2023-02-22 02:31:00,PARTIAL_CLOSE,LONG,23944.8,1.6772476764786413,-1264.6748043432617,11766.751972841952,Stop Loss
2023-02-22 08:37:00,ADD,LONG,23876.2,0.41931191911966037,-4.004630097313566,11762.747342744638,adx=20.844100242199428
2023-02-22 15:18:00,ADD,LONG,23678.5,0.8386238382393205,-7.942941821500426,11754.804400923138,adx=42.83149656939965
2023-02-23 02:31:00,CLOSE,LONG,24271.6,1.677247676478641,439.1259503659294,12193.930351289067,Take Profit
2023-02-23 03:49:00,OPEN,LONG,24441.2,0.39912705927005443,-3.902057712411988,12190.028293576655,entry
2023-02-23 06:39:00,ADD,LONG,24301.1,0.39912705927005443,-3.879690632011261,12186.148602944644,adx=35.83054279736119
2023-02-23 11:20:00,ADD,LONG,24177.0,1.1973811778101633,-11.579633894367362,12174.568969050277,adx=55.92856891171024
2023-02-24 15:38:00,PARTIAL_CLOSE,LONG,23515.2,1.5965082370802177,-1195.5708651899713,10978.998103860305,Stop Loss
2023-02-24 15:39:00,ADD,LONG,23429.2,1.1973811778101633,-11.221473236459133,10967.776630623846,adx=65.31101358117749
2023-02-24 21:51:00,ADD,LONG,23061.5,0.39912705927005443,-3.6817874709431635,10964.094843152903,adx=35.372248300959285
2023-02-27 14:24:00,CLOSE,LONG,23817.1,1.9956352963502721,538.1257876899326,11502.220630842836,Take Profit
2023-02-27 15:34:00,OPEN,LONG,23739.9,0.38760805667565024,-3.6807106018695777,11498.539920240966,entry
2023-02-27 15:41:00,ADD,LONG,23613.7,1.1628241700269508,-10.983432441506011,11487.55648779946,adx=50.39529376781167
2023-02-27 16:11:00,ADD,LONG,23465.4,0.3876080566756501,-3.6381512372463476,11483.918336562214,adx=11.811765417556103
2023-03-01 08:54:00,CLOSE,LONG,23957.9,1.938040283378251,638.7647591886416,12122.683095750856,Take Profit
2023-03-01 10:21:00,OPEN,LONG,23670.5,0.40971447483579504,-3.879258590639438,12118.803837160216,entry
2023-03-01 16:12:00,ADD,LONG,23551.5,0.8194289496715901,-7.7195123632754985,12111.08432479694,adx=41.24051861195362
2023-03-01 19:50:00,ADD,LONG,23379.0,0.8194289496715899,-7.662971765748807,12103.421353031192,adx=58.76630942271104
2023-03-03 01:30:00,PARTIAL_CLOSE,LONG,22779.1,1.6388578993431802,-1206.7101475923337,10896.711205438858,Stop Loss
2023-03-03 01:57:00,ADD,LONG,22089.3,1.6388578993431802,-14.480489518384275,10882.230715920474,adx=20
2023-03-03 04:00:00,HEDGE_OPEN,SHORT,22260.0,2.048572374178975,-18.240488419689427,10863.990227500784,trend_bearish_confirmed
2023-03-13 08:00:00,HEDGE_CLOSE,SHORT,22463.6,2.048572374178975,-453.73714795636806,10410.253079544416,Hedge Close Trend Up
2023-03-13 12:00:00,HEDGE_OPEN,SHORT,22113.2,2.048572374178975,-18.120196249878063,10392.132883294538,trend_bearish_confirmed
2023-03-13 14:08:00,CLOSE,LONG,23042.5,2.048572374178975,1319.5098524142268,11711.642735708765,Take Profit
2023-03-13 16:00:00,HEDGE_CLOSE,SHORT,24062.7,2.048572374178975,-4031.5297126990517,7680.113023009713,Hedge Close Trend Up
2023-03-13 16:33:00,OPEN,LONG,23787.2,0.25829397400315174,-2.457636167363489,7677.65538684235,entry
2023-03-13 16:44:00,CLOSE,LONG,24075.9,0.25829397400315174,69.62437017186585,7747.279757014216,Take Profit
2023-03-13 19:28:00,OPEN,LONG,24151.4,0.2566237901575632,-2.4791295222448753,7744.800627491971,entry
2023-03-13 23:19:00,ADD,LONG,23967.5,0.2566237901575632,-2.4602522762406807,7742.34037521573,adx=25.761096515560148
2023-03-14 01:53:00,CLOSE,LONG,24364.0,0.5132475803151264,146.3682631677675,7888.708638383498,Take Profit
2023-03-14 07:26:00,OPEN,LONG,24285.7,0.25986349624292476,-2.5243867642830082,7886.184251619215,entry
2023-03-14 09:31:00,ADD,LONG,24155.1,0.25986349624292476,-2.510811495239068,7883.6734401239755,adx=24.966517356836356
2023-03-14 10:55:00,CLOSE,LONG,24512.7,0.5197269924858495,141.7850369046082,8025.458477028584,Take Profit
2023-03-14 13:19:00,OPEN,LONG,25754.0,0.24929590671829105,-2.5681467126487405,8022.890330315935,entry
2023-03-14 13:38:00,CLOSE,LONG,26083.8,0.24929590671829105,77.04860949437989,8099.938939810315,Take Profit
2023-03-14 13:53:00,OPEN,LONG,25755.0,0.2515997341039896,-2.5919804607392507,8097.346959349576,entry
2023-03-14 14:55:00,CLOSE,LONG,26079.6,0.2515997341039896,76.45264505920022,8173.799604408776,Take Profit
2023-03-14 16:21:00,OPEN,LONG,25866.0,0.2528044414879386,-2.615615873411116,8171.183988535365,entry
2023-03-14 17:16:00,ADD,LONG,25712.5,0.5056088829758771,-5.200187361407188,8165.9838011739575,adx=43.44208997443797
2023-03-14 18:01:00,ADD,LONG,25529.8,0.2528044414879387,-2.5816187321197503,8163.402182441838,adx=32.36904378990102
2023-03-14 18:49:00,ADD,LONG,25249.5,0.2528044414879387,-2.553274298139513,8160.848908143698,adx=45.678483871992164
2023-03-14 19:13:00,PARTIAL_CLOSE,LONG,24722.7,1.0112177659517545,-911.3590812436705,7249.489826900028,Stop Loss
2023-03-14 19:13:00,ADD,LONG,24722.7,0.2528044414879387,-2.5000033462292777,7246.9898235537985,adx=32.23616337426673
2023-03-14 20:39:00,ADD,LONG,24586.1,0.2528044414879387,-2.4861901115464207,7244.503633442252,adx=18.018517609963407
2023-03-14 21:02:00,ADD,LONG,24462.9,0.2528044414879387,-2.4737319086698335,7242.029901533582,adx=32.60277638100613
2023-03-15 11:24:00,ADD,LONG,24338.4,0.25280444148793846,-2.4611422474836218,7239.568759286099,adx=28.320839948392344
2023-03-15 12:31:00,CLOSE,LONG,25197.6,1.2640222074396932,536.6969125493742,7776.265671835473,Take Profit
2023-03-15 12:45:00,OPEN,LONG,24442.5,0.2545162130497444,-2.4884050149876202,7773.777266820485,entry
2023-03-15 12:52:00,CLOSE,LONG,24767.5,0.2545162130497444,77.7078721034959,7851.485138923981,Take Profit
2023-03-15 14:43:00,OPEN,LONG,24491.5,0.25646400225136007,-2.512475244455345,7848.972663679526,entry
2023-03-15 15:19:00,CLOSE,LONG,24816.9,0.25646400225136007,78.3950544891486,7927.367718168674,Take Profit
2023-03-15 16:13:00,OPEN,LONG,24180.8,0.2622698245936834,-2.5367576698135963,7924.830960498861,entry
2023-03-15 18:31:00,CLOSE,LONG,24471.3,0.2622698245936834,71.08539295121955,7995.91635345008,Take Profit
2023-03-15 19:41:00,OPEN,LONG,24283.3,0.2634210787973655,-2.55869323310435,7993.357660216976,entry
2023-03-15 22:11:00,CLOSE,LONG,24582.8,0.2634210787973655,73.74566878836322,8067.103329005339,Take Profit
2023-03-15 22:35:00,OPEN,LONG,24339.5,0.26515263925735005,-2.581473065281898,8064.521855940057,entry
2023-03-16 00:11:00,ADD,LONG,24214.9,0.26515263925735005,-2.5682578577407185,8061.953598082317,adx=23.671734975291887
2023-03-16 06:56:00,CLOSE,LONG,24574.8,0.5303052785147001,147.45626149957388,8209.40985958189,Take Profit
2023-03-16 08:56:00,OPEN,LONG,24563.2,0.26737265045537684,-2.627011155065702,8206.782848426825,entry
2023-03-16 09:14:00,ADD,LONG,24431.6,0.8021179513661305,-7.838809976237826,8198.944038450587,adx=74.51579528354205
2023-03-16 09:43:00,CLOSE,LONG,24842.4,1.0694906018215073,383.0671919663673,8582.011230416954,Take Profit
2023-03-16 13:19:00,OPEN,LONG,24581.0,0.2793055198866427,-2.746243593734107,8579.26498682322,entry
2023-03-16 14:46:00,CLOSE,LONG,24935.1,0.2793055198866427,93.37003657055538,8672.635023393776,Take Profit
2023-03-16 15:03:00,OPEN,LONG,24779.5,0.27999386665247566,-2.77524320748671,8669.859780186289,entry
2023-03-16 17:15:00,ADD,LONG,24630.4,0.27999386665247566,-2.75854437327871,8667.10123581301,adx=31.4344470936079
2023-03-16 19:24:00,CLOSE,LONG,25132.4,0.5599877333049513,228.20343473703178,8895.304670550042,Take Profit
2023-03-16 20:47:00,OPEN,LONG,24818.3,0.28673373020875864,-2.846497494576397,8892.458173055466,entry
2023-03-16 20:54:00,ADD,LONG,24693.9,0.28673373020875864,-2.832229624160391,8889.625943431305,adx=39.34720547550733
2023-03-16 21:44:00,CLOSE,LONG,25067.9,0.5734674604175173,167.3781770590449,9057.00412049035,Take Profit
2023-03-17 00:30:00,OPEN,LONG,24903.8,0.29094368314844643,-2.8982413185567566,9054.105879171793,entry
2023-03-17 01:29:00,CLOSE,LONG,25352.1,0.29094368314844643,124.58139849707186,9178.687277668865,Take Profit
2023-03-17 03:42:00,OPEN,LONG,25639.2,0.28639543441819915,-2.9371799288546754,9175.75009774001,entry
2023-03-17 06:34:00,CLOSE,LONG,25991.7,0.28639543441819915,95.03964901845393,9270.789746758464,Take Profit
2023-03-17 08:33:00,OPEN,LONG,25925.5,0.28607478341427445,-2.9666527189619956,9267.823094039502,entry
2023-03-17 09:53:00,CLOSE,LONG,26270.8,0.28607478341427445,92.80880462593814,9360.63189866544,Take Profit
2023-03-17 12:08:00,OPEN,LONG,26721.0,0.2802479517582558,-2.9954022075726243,9357.636496457868,entry
2023-03-17 12:37:00,ADD,LONG,26422.0,0.5604959035165116,-5.923769105085739,9351.712727352782,adx=46.26164831676632
2023-03-17 14:39:00,ADD,LONG,26222.0,0.5604959035165117,-5.8789294328034885,9345.833797919979,adx=50.33359499653527
2023-03-17 19:05:00,CLOSE,LONG,26733.0,1.401239758791279,434.3087703775036,9780.142568297482,Take Profit
2023-03-17 20:42:00,OPEN,LONG,26641.5,0.29368143890689286,-3.129645621855161,9777.012922675627,entry
2023-03-17 21:42:00,CLOSE,LONG,27096.7,0.29368143890689286,127.37102623031205,9904.38394890594,Take Profit
2023-03-17 23:41:00,OPEN,LONG,27263.2,0.29063012262407756,-3.169402863650248,9901.214546042289,entry
2023-03-18 00:19:00,ADD,LONG,27106.0,0.29063012262407756,-3.1511280415397778,9898.06341800075,adx=20.77150168359297
2023-03-18 00:55:00,CLOSE,LONG,27587.7,0.5812602452481551,221.57122064720897,10119.634638647958,Take Profit
2023-03-18 01:21:00,OPEN,LONG,27372.7,0.29575846412368406,-3.23828308436714,10116.396355563591,entry
2023-03-18 02:48:00,ADD,LONG,27221.1,0.29575846412368406,-3.2203482911027095,10113.176007272488,adx=30.86472455711768
2023-03-18 16:30:00,ADD,LONG,26788.0,0.5915169282473681,-6.338222189555381,10106.837785082933,adx=42.06223238783376
2023-03-18 16:46:00,CLOSE,LONG,27410.1,1.1830338564947362,409.17471325129736,10516.01249833423,Take Profit
2023-03-18 17:29:00,OPEN,LONG,27086.1,0.3105951022357366,-3.3651239994669595,10512.647374334763,entry
2023-03-18 19:39:00,CLOSE,LONG,27415.9,0.3105951022357366,95.66304301252603,10608.31041734729,Take Profit
2023-03-18 19:54:00,OPEN,LONG,27312.4,0.3107251041240547,-3.394659333551317,10604.915758013738,entry
2023-03-18 22:41:00,ADD,LONG,27087.9,0.3107251041240547,-3.366756219200397,10601.549001794538,adx=28.772160984596052
2023-03-18 23:28:00,ADD,LONG,26850.0,0.31072510412405474,-3.337187618291864,10598.211814176246,adx=32.8070141257168
2023-03-19 15:04:00,CLOSE,LONG,27543.3,0.9321753123721641,408.3076767659986,11006.519490942244,Take Profit
2023-03-19 20:38:00,OPEN,LONG,27825.3,0.31644638486391147,-3.522086237100666,11002.997404705144,entry
2023-03-19 21:08:00,CLOSE,LONG,28166.6,0.31644638486391147,100.91577741938818,11103.913182124532,Take Profit
2023-03-19 23:45:00,OPEN,LONG,28102.0,0.3161031437513211,-3.5532522182802495,11100.359929906252,entry
2023-03-19 23:53:00,ADD,LONG,27958.9,0.9483094312539633,-10.605475422995369,11089.754454483256,adx=69.79677408938046
2023-03-20 01:02:00,ADD,LONG,27629.8,0.3161031437513211,-3.493546656487524,11086.260907826769,adx=55.2178869227332
2023-03-20 08:06:00,CLOSE,LONG,28258.8,1.5805157187566055,497.27418345780643,11583.535091284575,Take Profit
2023-03-20 09:36:00,OPEN,LONG,28067.7,0.33015986607479986,-3.706731229211073,11579.828360055364,entry
2023-03-20 13:36:00,ADD,LONG,27764.3,0.33015986607479986,-3.66666302786507,11576.161697027499,adx=35.36439808230314
2023-03-20 18:00:00,ADD,LONG,27586.3,0.33015986607479986,-3.6431556453990197,11572.5185413821,adx=24.868544917526574
2023-03-21 07:08:00,ADD,LONG,27403.8,0.6603197321495998,-7.23810795035206,11565.280433431748,adx=42.56363728070048
2023-03-21 09:45:00,CLOSE,LONG,28024.7,1.6507993303739994,589.7514416131398,12155.031875044888,Take Profit
2023-03-21 13:39:00,OPEN,LONG,27931.9,0.3481333350053491,-3.889610200014431,12151.142264844873,entry
2023-03-21 14:25:00,ADD,LONG,27735.5,0.6962666700106983,-7.724521690432084,12143.417743154441,adx=44.409671281516395
2023-03-21 16:32:00,CLOSE,LONG,28142.1,1.0444000050160474,332.90887940156426,12476.326622556006,Take Profit
2023-03-21 17:06:00,OPEN,LONG,28166.6,0.35435804456500986,-3.9924245192178205,12472.334198036788,entry
2023-03-21 18:00:00,ADD,LONG,27940.1,1.0630741336950296,-11.880959041140159,12460.453238995648,adx=63.77145160665763
2023-03-22 13:28:00,CLOSE,LONG,28348.8,1.4174321782600394,467.09605006652237,12927.54928906217,Take Profit
2023-03-22 15:48:00,OPEN,LONG,28492.1,0.3629791918198286,-4.136815772499176,12923.41247328967,entry
2023-03-22 17:22:00,ADD,LONG,28349.2,1.0889375754594857,-12.348203645686226,12911.064269643985,adx=86.53870448359353
2023-03-22 18:05:00,CLOSE,LONG,28752.2,1.4519167672793143,500.0693907738587,13411.133660417843,Take Profit
2023-03-22 18:35:00,OPEN,LONG,28082.6,0.38204820523506644,-4.291562771333702,13406.84209764651,entry
2023-03-22 19:02:00,ADD,LONG,27785.1,0.7640964104701329,-8.492198069821825,13398.349899576688,adx=43.89664069637028
2023-03-22 19:36:00,ADD,LONG,27251.6,0.38204820523506644,-4.16456994791406,13394.185329628774,adx=21.681984928965665
2023-03-22 19:47:00,PARTIAL_CLOSE,LONG,26889.5,1.2225542567522127,-1035.9384402736741,12358.2468893551,Stop Loss
2023-03-22 19:47:00,ADD,LONG,26889.5,1.1461446157051993,-12.327702257602141,12345.919187097497,adx=73.26322062770808
2023-03-22 21:08:00,CLOSE,LONG,27400.1,1.4517831798932523,440.3956340841414,12786.314821181639,Take Profit
2023-03-22 21:39:00,OPEN,LONG,27150.0,0.3767606577143761,-4.091620742778105,12782.22320043886,entry
2023-03-22 22:42:00,ADD,LONG,26976.3,0.7535213154287523,-8.130886824559639,12774.092313614301,adx=41.60654486914628
2023-03-23 00:20:00,CLOSE,LONG,27376.0,1.1302819731431284,361.7308311342804,13135.823144748581,Take Profit
2023-03-23 01:15:00,OPEN,LONG,27230.1,0.38592067292440596,-4.203463406320225,13131.619681342261,entry
2023-03-23 05:43:00,CLOSE,LONG,27557.8,0.38592067292440596,118.00869122288168,13249.628372565143,Take Profit
2023-03-23 07:21:00,OPEN,LONG,27574.8,0.38439817144828303,-4.23988107922014,13245.388491485923,entry
2023-03-23 13:16:00,ADD,LONG,27343.7,0.38439817144828303,-4.204347312252139,13241.18414417367,adx=38.41795533103552
2023-03-23 14:59:00,CLOSE,LONG,28043.6,0.7687963428965661,432.17798773147297,13673.362131905144,Take Profit
2023-03-23 17:10:00,OPEN,LONG,28356.3,0.3857587098995326,-4.375475882208775,13668.986656022935,entry
2023-03-23 18:25:00,ADD,LONG,28160.7,0.3857587098995326,-4.345294120746985,13664.641361902188,adx=34.06710934095906
2023-03-23 18:55:00,ADD,LONG,27859.9,0.7715174197990652,-8.597759265543573,13656.043602636644,adx=49.65470143367696
2023-03-23 19:50:00,CLOSE,LONG,28398.5,1.5430348395981304,488.7052418502135,14144.748844486858,Take Profit
2023-03-23 21:16:00,OPEN,LONG,28081.2,0.4029670767484825,-4.526319630236685,14140.222524856621,entry
2023-03-24 11:46:00,ADD,LONG,27838.5,0.4029670767484825,-4.487199586425049,14135.735325270196,adx=39.15267661102529
2023-03-24 13:20:00,ADD,LONG,27696.5,0.805934153496965,-8.928622112931407,14126.806703157265,adx=49.8557546839346
2023-03-24 14:31:00,CLOSE,LONG,28178.4,1.61186830699393,528.4064885266416,14655.213191683906,Take Profit
2023-03-24 16:30:00,OPEN,LONG,27908.9,0.42008716048812833,-4.689668221339161,14650.523523462567,entry
2023-03-24 17:24:00,ADD,LONG,27568.0,1.260261481464385,-13.897155408403705,14636.626368054163,adx=59.61829604064595
2023-03-24 21:11:00,ADD,LONG,27380.0,0.4200871604881282,-4.600794581665468,14632.025573472498,adx=31.032795952128506
2023-03-26 12:02:00,CLOSE,LONG,27951.7,2.1004358024406415,695.0339717787956,15327.059545251293,Take Profit
2023-03-26 14:11:00,OPEN,LONG,28010.7,0.43774870446654446,-4.904659054480362,15322.154886196813,entry
2023-03-26 14:32:00,ADD,LONG,27799.7,1.3132461133996334,-14.6031391914712,15307.551747005342,adx=56.3001425082644
2023-03-27 13:39:00,ADD,LONG,27643.7,0.4377487044665447,-4.840397544665393,15302.711349460677,adx=27.551808858035024
2023-03-27 14:59:00,PARTIAL_CLOSE,LONG,26933.0,1.750994817866178,-1555.7119690129748,13746.999380447702,Stop Loss
2023-03-27 17:51:00,ADD,LONG,26916.1,0.43774870446654446,-4.712995161717117,13742.286385285985,adx=18.981959239021446
2023-03-28 10:22:00,ADD,LONG,26770.7,0.43774870446654446,-4.687535697064959,13737.59884958892,adx=33.32647558196366
2023-03-29 04:32:00,CLOSE,LONG,27568.1,1.3132461133996334,480.0449298293024,14217.643779418222,Take Profit
2023-03-29 09:53:00,OPEN,LONG,28322.4,0.4015943219336842,-4.549646009414573,14213.094133408807,entry
2023-03-29 16:58:00,ADD,LONG,28126.9,1.2047829658010527,-13.554724000316128,14199.539409408491,adx=68.15732369099128
2023-03-30 02:19:00,CLOSE,LONG,28571.0,1.6063772877347369,598.4177713400823,14797.957180748574,Take Profit
2023-03-30 03:06:00,OPEN,LONG,28621.3,0.4136208259093353,-4.735346297838987,14793.221834450735,entry
2023-03-30 03:12:00,ADD,LONG,28289.0,1.240862477728006,-14.04110345297886,14779.180730997756,adx=63.35064600485246
2023-03-30 07:35:00,CLOSE,LONG,28739.0,1.6544833036373412,569.2755581710189,15348.456289168775,Take Profit
2023-03-30 09:05:00,OPEN,LONG,28507.7,0.43071749146143046,-4.911506012533209,15343.544783156241,entry
2023-03-30 14:12:00,ADD,LONG,28361.5,0.43071749146143046,-4.886317653634251,15338.658465502607,adx=35.81873039581093
2023-03-30 15:50:00,ADD,LONG,28207.9,1.2921524743842911,-14.579563112873075,15324.078902389734,adx=65.71867456032449
2023-03-31 14:50:00,CLOSE,LONG,28638.6,2.153587457307152,683.2151285525943,16007.294030942328,Take Profit
2023-03-31 15:15:00,OPEN,LONG,28409.2,0.45076366897884707,-5.122334089901415,16002.171696852427,entry
2023-03-31 18:18:00,ADD,LONG,28266.3,0.45076366897884707,-5.096568438582835,15997.075128413844,adx=28.006932332559437
2023-04-01 02:01:00,CLOSE,LONG,28778.0,0.9015273379576941,376.30084651469224,16373.375974928536,Take Profit
2023-04-01 02:39:00,OPEN,LONG,28460.9,0.4602349461873247,-5.239480311976877,16368.13649461656,entry
2023-04-01 15:02:00,ADD,LONG,28232.6,0.4602349461873247,-5.197451656691555,16362.939042959868,adx=29.8072661424932
2023-04-02 15:10:00,ADD,LONG,28062.4,1.3807048385619738,-15.498356584665089,16347.440686375203,adx=62.543444469542955
2023-04-03 21:00:00,PARTIAL_CLOSE,LONG,27313.7,1.8409397847492988,-1607.813258758666,14739.627427616537,Stop Loss
2023-04-03 21:00:00,ADD,LONG,27313.7,1.380704838561974,-15.084863099611539,14724.542564516925,adx=60.562464352554514
2023-04-03 22:18:00,CLOSE,LONG,27873.8,1.8409397847492985,572.6395998464795,15297.182164363405,Take Profit
2023-04-03 23:34:00,OPEN,LONG,27765.1,0.4407600092018658,-4.895098292596231,15292.287066070809,entry
2023-04-04 07:08:00,CLOSE,LONG,28125.1,0.4407600092018658,148.81993728615453,15441.107003356963,Take Profit
2023-04-04 07:21:00,OPEN,LONG,28026.6,0.44075576783075976,-4.9411542410744005,15436.165849115889,entry
2023-04-04 11:07:00,CLOSE,LONG,28382.8,0.44075576783075976,147.05209713736804,15583.217946253257,Take Profit
2023-04-04 11:24:00,OPEN,LONG,28228.5,0.4416307758826224,-4.986629742801597,15578.231316510455,entry
2023-04-04 15:19:00,ADD,LONG,27962.7,0.8832615517652449,-9.879351117418992,15568.351965393036,adx=44.33791140437189
2023-04-05 00:34:00,CLOSE,LONG,28452.1,1.3248923276478672,501.0724764628576,16069.424441855894,Take Profit
2023-04-05 03:09:00,OPEN,LONG,28478.3,0.451415272452524,-5.14221582139362,16064.2822260345,entry
2023-04-05 14:04:00,ADD,LONG,28275.6,0.451415272452524,-5.105615071102875,16059.176610963397,adx=19.855460563787034
2023-04-05 14:11:00,ADD,LONG,28126.6,0.451415272452524,-5.078710720865274,16054.097900242532,adx=36.428462106632374
2023-04-05 15:03:00,ADD,LONG,27948.2,0.902830544905048,-10.092995454046104,16044.004904788486,adx=40.168346681659976
2023-04-09 22:01:00,CLOSE,LONG,28500.4,2.25707636226262,727.5859177784296,16771.590822566915,Take Profit
2023-04-09 23:37:00,OPEN,LONG,28324.4,0.4737001545682709,-5.366909063221101,16766.223913503694,entry
2023-04-10 13:56:00,ADD,LONG,28178.8,0.4737001545682709,-5.339320766219316,16760.884592737475,adx=18.7112876040794
2023-04-10 16:40:00,CLOSE,LONG,28616.0,0.9474003091365418,323.6821199214173,17084.566712658892,Take Profit
2023-04-10 19:24:00,OPEN,LONG,29065.7,0.4702330709436591,-5.467061348052084,17079.09965131084,entry
2023-04-10 22:02:00,CLOSE,LONG,29499.9,0.4702330709436591,193.15940662787398,17272.259057938714,Take Profit
2023-04-10 23:52:00,OPEN,LONG,29591.4,0.46695348129358427,-5.527122898540256,17266.731935040174,entry
2023-04-11 00:40:00,CLOSE,LONG,29951.5,0.46695348129358427,157.02844283729428,17423.76037787747,Take Profit
2023-04-11 02:40:00,OPEN,LONG,30141.9,0.46244623936453827,-5.5756033209218,17418.184774556546,entry
2023-04-11 03:04:00,ADD,LONG,29970.0,0.9248924787290764,-11.087611035003647,17407.097163521543,adx=40.9243003578075
2023-04-11 19:15:00,CLOSE,LONG,30414.2,1.3873387180936148,503.2202167785581,17910.3173803001,Take Profit
2023-04-11 19:42:00,OPEN,LONG,30226.9,0.47402326749484996,-5.731301561696455,17904.586078738404,entry
2023-04-11 20:01:00,ADD,LONG,30003.6,1.42206980248455,-17.06688541033145,17887.519193328073,adx=66.89603108903455
2023-04-12 02:54:00,ADD,LONG,29815.5,0.4740232674948499,-5.653296292795858,17881.865897035277,adx=42.855652634364155
2023-04-12 12:34:00,CLOSE,LONG,30405.5,2.3701163374742498,878.5868248306324,18760.45272186591,Take Profit
2023-04-12 13:46:00,OPEN,LONG,30024.2,0.49987550634130895,-6.003344870998262,18754.44937699491,entry
2023-04-12 15:11:00,ADD,LONG,29861.2,0.9997510126826179,-11.94150597596672,18742.507871018945,adx=43.02788260497903
2023-04-13 09:12:00,CLOSE,LONG,30288.1,1.4996265190239269,522.5976674023696,19265.105538421314,Take Profit
2023-04-13 11:39:00,OPEN,LONG,30159.0,0.5110277008765891,-6.164833772294514,19258.94070464902,entry
2023-04-14 00:36:00,CLOSE,LONG,30588.6,0.5110277008765891,207.1200177518731,19466.060722400893,Take Profit
2023-04-14 02:39:00,OPEN,LONG,30690.1,0.507422542706629,-6.229139431168733,19459.831582969724,entry
2023-04-14 15:04:00,ADD,LONG,30356.1,1.014845085413258,-12.32269555892708,19447.508887410797,adx=43.566485777131035
2023-04-14 15:30:00,ADD,LONG,30197.8,1.014845085413258,-12.25843556811742,19435.25045184268,adx=47.53968345951001
2023-04-17 11:34:00,PARTIAL_CLOSE,LONG,29414.5,2.029690170826516,-1942.1005152566322,17493.149936586047,Stop Loss
2023-04-17 11:34:00,ADD,LONG,29414.5,1.014845085413258,-11.940464305956993,17481.20947228009,adx=49.77273912015755
2023-04-18 01:14:00,ADD,LONG,29195.9,1.014845085413258,-11.851726251687069,17469.357746028403,adx=48.40370456509163
2023-04-18 09:34:00,CLOSE,LONG,29872.1,2.537112713533145,818.3550017310918,18287.712747759495,Take Profit
2023-04-18 10:42:00,OPEN,LONG,29866.3,0.4898554624512443,-5.852068079282617,18281.860679680212,entry
2023-04-18 11:38:00,CLOSE,LONG,30260.5,0.4898554624512443,181.31964673039693,18463.18032641061,Take Profit
2023-04-18 12:43:00,OPEN,LONG,30285.1,0.4877165424954346,-5.90821770445109,18457.272108706158,entry
2023-04-18 15:10:00,ADD,LONG,30133.2,0.4877165424954346,-5.8785840473283315,18451.39352465883,adx=31.846066342683322
2023-04-18 18:02:00,ADD,LONG,29970.0,1.4631496274863038,-17.540237734305265,18433.853286924525,adx=65.39113153061656
2023-04-19 08:22:00,PARTIAL_CLOSE,LONG,29124.5,1.9508661699817385,-1858.804405247065,16575.04888167746,Stop Loss
2023-04-19 15:33:00,ADD,LONG,29145.1,0.4877165424954346,-5.685818961072073,16569.363062716388,adx=33.76337139439447
2023-04-19 21:22:00,ADD,LONG,28945.3,1.4631496274863038,-16.940521964992513,16552.422540751395,adx=58.439466592887776
2023-04-21 16:00:00,HEDGE_OPEN,SHORT,28035.9,2.438582712477173,-27.34714442749464,16525.0753963239,trend_bearish_confirmed
2023-04-26 00:00:00,HEDGE_CLOSE,SHORT,28305.6,2.438582712477173,-712.643120713099,15812.432275610801,Hedge Close Trend Up
2023-04-26 12:29:00,CLOSE,LONG,29738.5,2.438582712477173,1209.4586395859624,17021.890915196764,Take Profit
2023-04-26 14:18:00,OPEN,LONG,29666.0,0.4590275983333585,-5.447005092861218,17016.443910103902,entry
2023-04-26 19:37:00,PARTIAL_CLOSE,LONG,28744.5,0.3672220786666868,-342.6173915074469,16673.826518596456,Stop Loss
2023-04-26 19:47:00,ADD,LONG,27797.3,0.3672220786666868,-4.083112914930098,16669.743405681525,adx=20
2023-04-26 20:00:00,HEDGE_OPEN,SHORT,27598.2,2.2951379916667927,-25.336670928645617,16644.40673475288,trend_bearish_confirmed
2023-04-26 21:58:00,CLOSE,LONG,28613.9,0.4590275983333585,188.5010162717408,16832.90775102462,Take Profit
2023-04-27 00:00:00,HEDGE_CLOSE,SHORT,28375.8,2.2951379916667927,-1836.086523898317,14996.821227126304,Hedge Close Trend Up
2023-04-27 01:22:00,OPEN,LONG,28915.5,0.4149143878439261,-4.798982792681272,14992.022244333622,entry
2023-04-27 06:53:00,ADD,LONG,28679.6,0.4149143878439261,-4.759831471043071,14987.26241286258,adx=27.024562623933466
2023-04-27 15:20:00,CLOSE,LONG,29253.0,0.8298287756878522,358.6767091532274,15345.939122015807,Take Profit
2023-04-27 15:44:00,OPEN,LONG,28952.0,0.42403810782027657,-4.910700519045349,15341.028421496761,entry
2023-04-27 17:46:00,CLOSE,LONG,29340.0,0.42403810782027657,154.63957408184433,15495.667995578606,Take Profit
2023-04-27 19:10:00,OPEN,LONG,29616.8,0.4185642742113559,-4.958613758584761,15490.709381820021,entry
2023-04-27 22:53:00,ADD,LONG,29297.5,0.4185642742113559,-4.905154729482092,15485.804227090539,adx=32.508936222533634
2023-04-28 09:09:00,ADD,LONG,29145.7,0.418564274211356,-4.87973950675223,15480.924487583787,adx=23.538268065627197
2023-04-28 13:42:00,ADD,LONG,28988.6,0.8371285484227116,-9.706873855522645,15471.217613728264,adx=40.11076833998097
2023-04-30 15:02:00,CLOSE,LONG,29567.6,2.0928213710567793,704.5482810811227,16175.765894809387,Take Profit
2023-04-30 15:48:00,OPEN,LONG,29691.9,0.4358297285066806,-5.176245086338895,16170.589649723048,entry
2023-04-30 18:47:00,ADD,LONG,29542.7,1.307489185520042,-15.450704304425017,16155.138945418623,adx=62.111811019624305
2023-04-30 19:09:00,ADD,LONG,29363.3,0.43582972850668056,-5.118959626823198,16150.0199857918,adx=29.567475119548895
2023-05-01 01:46:00,PARTIAL_CLOSE,LONG,28648.6,1.7433189140267225,-1568.1492532867287,14581.870732505071,Stop Loss
2023-05-01 01:51:00,ADD,LONG,28460.7,1.307489185520042,-14.884822984931816,14566.98590952014,adx=91.03330548694703
2023-05-01 16:00:00,HEDGE_OPEN,SHORT,28161.8,2.179148642533403,-24.547499296519163,14542.43841022362,trend_bearish_confirmed
2023-05-01 20:27:00,ADD,LONG,27761.2,0.43582972850668056,-4.839662503607542,14537.598747720012,adx=20
2023-05-02 16:00:00,HEDGE_CLOSE,SHORT,28518.5,2.179148642533403,-826.7082403130207,13710.890507406992,Hedge Close Trend Up
2023-05-03 21:21:00,CLOSE,LONG,28942.5,2.179148642533403,815.1429580382264,14526.033465445218,Take Profit
2023-05-04 00:35:00,OPEN,LONG,28967.1,0.4011732887433045,-4.648330708942012,14521.385134736276,entry
2023-05-04 10:35:00,CLOSE,LONG,29358.9,0.4011732887433045,147.82016123393078,14669.205295970207,Take Profit
2023-05-04 13:18:00,OPEN,LONG,28919.9,0.40578854825833305,-4.694145694709732,14664.511150275497,entry
2023-05-04 13:38:00,ADD,LONG,28752.8,1.2173656447749992,-14.001068364434104,14650.510081911063,adx=55.43305135815486
2023-05-05 01:34:00,CLOSE,LONG,29150.0,1.6231541930333322,539.288387108958,15189.798469020021,Take Profit
2023-05-05 05:09:00,OPEN,LONG,29179.5,0.41645123375027043,-4.86073551008667,15184.937733509934,entry
2023-05-05 12:30:00,ADD,LONG,28930.3,0.41645123375027043,-4.819223651105858,15180.118509858828,adx=24.488258981095207
2023-05-05 14:46:00,CLOSE,LONG,29417.4,0.8329024675005409,282.446455288773,15462.564965147601,Take Profit
2023-05-05 15:09:00,OPEN,LONG,29170.8,0.4240559728261851,-4.9480207888464065,15457.616944358755,entry
2023-05-05 16:03:00,CLOSE,LONG,29579.0,0.4240559728261851,163.13436667071073,15620.751311029466,Take Profit
2023-05-05 17:41:00,OPEN,LONG,29506.1,0.42352601830887765,-4.998640419529693,15615.752670609936,entry
2023-05-05 18:52:00,ADD,LONG,29325.9,1.270578054926633,-14.904337992389628,15600.848332617546,adx=52.51236097157436
2023-05-06 00:36:00,CLOSE,LONG,29753.8,1.6941040732355106,608.5223525165948,16209.370685134141,Take Profit
2023-05-06 01:06:00,OPEN,LONG,29588.0,0.4382687761290832,-5.186998619243241,16204.183686514898,entry
2023-05-06 03:26:00,ADD,LONG,29368.3,1.3148063283872498,-15.445450677590998,16188.738235837307,adx=54.37849776546899
2023-05-06 08:04:00,ADD,LONG,29167.2,0.4382687761290831,-5.1132292188449355,16183.625006618462,adx=36.485579735022064
2023-05-06 15:01:00,PARTIAL_CLOSE,LONG,28410.8,1.7530751045163329,-1705.013358434955,14478.611648183507,Stop Loss
2023-05-06 20:06:00,ADD,LONG,28780.0,0.4382687761290832,-5.0453501507981855,14473.566298032709,adx=17.87382228341567
2023-05-08 04:00:00,HEDGE_OPEN,SHORT,28182.6,2.191343880645416,-24.703107220271704,14448.863190812437,trend_bearish_confirmed
2023-05-08 17:59:00,ADD,LONG,27522.9,1.3148063283872498,-14.4749132382276,14434.38827757421,adx=20
2023-05-28 20:00:00,HEDGE_CLOSE,SHORT,27533.9,2.191343880645416,1372.6871708442832,15807.075448418493,Hedge Close Trend Up
2023-05-31 08:00:00,HEDGE_OPEN,SHORT,27139.2,2.191343880645416,-23.788527938244442,15783.286920480248,trend_bearish_confirmed
2023-06-20 00:00:00,HEDGE_CLOSE,SHORT,26814.1,2.191343880645416,665.1138020795806,16448.40072255983,Hedge Close Trend Up
2023-06-21 01:03:00,CLOSE,LONG,28620.4,2.191343880645416,973.2878739553125,17421.68859651514,Take Profit
2023-06-21 02:33:00,OPEN,LONG,28759.4,0.48461897248246183,-5.574940350885299,17416.113656164256,entry
2023-06-21 12:30:00,CLOSE,LONG,29115.5,0.48461897248246183,161.35390627279412,17577.46756243705,Take Profit
2023-06-21 17:10:00,OPEN,LONG,30032.9,0.4682189881746232,-5.624789619978401,17571.84277281707,entry
2023-06-21 20:47:00,ADD,LONG,29872.4,0.4682189881746232,-5.5947299609397305,17566.248042856132,adx=21.19120163002946
2023-06-22 02:34:00,CLOSE,LONG,30324.5,0.9364379763492464,325.63613655902736,17891.88417941516,Take Profit
2023-06-22 03:26:00,OPEN,LONG,30269.0,0.47287678296382857,-5.725402937412582,17886.158776477747,entry
2023-06-22 07:40:00,ADD,LONG,30010.7,1.4186303488914858,-17.029635924591275,17869.129140553156,adx=58.130097521827885
2023-06-22 14:41:00,ADD,LONG,29688.6,0.4728767829638285,-5.615619863481697,17863.513520689674,adx=75.2834055665293
2023-06-23 15:05:00,CLOSE,LONG,30407.8,2.364383914819143,911.937447320277,18775.45096800995,Take Profit
2023-06-23 16:23:00,OPEN,LONG,30797.4,0.4877152218826252,-6.008144309762429,18769.44282370019,entry
2023-06-23 17:04:00,CLOSE,LONG,31178.2,0.4877152218826252,173.63137909078068,18943.07420279097,Take Profit
2023-06-23 18:17:00,OPEN,LONG,31050.7,0.4880553212079849,-6.061783744891727,18937.012419046077,entry
2023-06-23 18:36:00,ADD,LONG,30892.9,1.4641659636239548,-18.09293307905682,18918.91948596702,adx=52.07786842463192
2023-06-23 19:36:00,ADD,LONG,30704.2,0.4880553212079848,-5.9941392773725966,18912.925346689648,adx=21.322366815608227
2023-06-26 17:16:00,PARTIAL_CLOSE,LONG,29943.2,1.9522212848319396,-1865.342127615033,17047.583219074615,Stop Loss
2023-06-28 19:30:00,ADD,LONG,29906.3,1.4641659636239548,-17.51511462316921,17030.068104451446,adx=56.23558490643975
2023-06-29 10:13:00,CLOSE,LONG,30522.4,1.9522212848319396,652.7657732640691,17682.833877715515,Take Profit
2023-06-29 13:58:00,OPEN,LONG,30508.6,0.4636812932147792,-5.658506840867631,17677.175370874647,entry
2023-06-29 20:24:00,ADD,LONG,30290.0,1.3910438796443376,-16.853887645771465,17660.321483228876,adx=75.78905728466286
2023-06-30 02:38:00,CLOSE,LONG,30716.4,1.8547251728591168,644.1934964038919,18304.514979632768,Take Profit
2023-06-30 04:16:00,OPEN,LONG,30700.8,0.47697818896270505,-5.857444793480681,18298.657534839287,entry
2023-06-30 04:41:00,CLOSE,LONG,31106.9,0.47697818896270505,181.90847261377712,18480.566007453064,Take Profit
2023-06-30 04:59:00,OPEN,LONG,30868.4,0.4789510569372708,-5.913781122384535,18474.65222633068,entry
2023-06-30 05:52:00,ADD,LONG,30650.2,0.4789510569372708,-5.871978274135472,18468.780248056544,adx=39.33321159063627
2023-06-30 13:36:00,ADD,LONG,30444.6,1.4368531708118124,-17.49776801763801,18451.282480038906,adx=54.79268458239208
2023-06-30 13:47:00,PARTIAL_CLOSE,LONG,29604.5,1.9158042277490832,-1873.3151384252196,16577.967341613687,Stop Loss
2023-06-30 13:47:00,ADD,LONG,29604.5,1.4368531708118124,-17.014927878120943,16560.952413735566,adx=77.18145231475548
2023-06-30 14:13:00,CLOSE,LONG,30224.5,1.9158042277490832,655.6813339792498,17216.633747714815,Take Profit
2023-06-30 14:49:00,OPEN,LONG,30000.0,0.4591102332723951,-5.509322799269285,17211.124424915546,entry
2023-06-30 16:42:00,CLOSE,LONG,30414.1,0.4591102332723951,179.02285498052152,17390.147279896068,Take Profit
2023-06-30 18:09:00,OPEN,LONG,30350.0,0.4583893846430595,-5.564847129568079,17384.5824327665,entry
2023-07-02 22:27:00,CLOSE,LONG,30723.0,0.4583893846430595,159.78115451653866,17544.36358728304,Take Profit
2023-07-02 22:43:00,OPEN,LONG,30528.5,0.45975042566213314,-5.6141963479312835,17538.749390935107,entry
2023-07-03 15:04:00,CLOSE,LONG,30910.3,0.45975042566213314,164.23410673693434,17702.98349767204,Take Profit
2023-07-03 16:07:00,OPEN,LONG,30902.1,0.4582985233410556,-5.664954719253728,17697.318542952788,entry
2023-07-03 19:02:00,CLOSE,LONG,31276.6,0.4582985233410556,160.23423443391948,17857.552777386707,Take Profit
2023-07-03 20:16:00,OPEN,LONG,31162.0,0.458444330335324,-5.71441688876439,17851.838360497943,entry
2023-07-03 21:25:00,ADD,LONG,30950.0,0.458444330335324,-5.675540809552331,17846.16281968839,adx=36.71490232571224
2023-07-04 19:14:00,ADD,LONG,30775.4,0.916888660670648,-11.287046115041449,17834.87577357335,adx=49.74634385588366
2023-07-05 10:15:00,ADD,LONG,30613.1,0.45844433033532384,-5.613760851596453,17829.262012721752,adx=39.25427670088096
2023-07-06 08:49:00,CLOSE,LONG,31235.3,2.29222165167662,814.3892371877155,18643.651249909468,Take Profit
2023-07-06 09:40:00,OPEN,LONG,31209.0,0.4779044826789572,-5.965968399970734,18637.685281509497,entry
2023-07-06 11:52:00,ADD,LONG,30927.1,1.4337134480368716,-17.736239671510702,18619.949041837986,adx=61.551423856531166
2023-07-06 12:33:00,ADD,LONG,30560.1,0.47790448267895713,-5.841923512445646,18614.10711832554,adx=37.57019100717658
2023-07-06 14:37:00,PARTIAL_CLOSE,LONG,29961.0,1.9116179307158288,-1837.187939612646,16776.919178712895,Stop Loss
2023-07-06 22:52:00,ADD,LONG,30117.5,1.4337134480368716,-17.271945908501948,16759.647232804393,adx=53.20194268641654
2023-07-06 23:18:00,ADD,LONG,29929.7,0.47790448267895713,-5.721415118096047,16753.925817686297,adx=67.183740247671
2023-07-10 19:40:00,CLOSE,LONG,30601.9,2.389522413394786,786.6705210263499,17540.596338712647,Take Profit
2023-07-10 20:43:00,OPEN,LONG,30800.5,0.45559250891933956,-5.61299082838741,17534.98334788426,entry
2023-07-10 21:52:00,ADD,LONG,30615.1,0.45559250891933956,-5.579204087927792,17529.40414379633,adx=23.102791577328873
2023-07-11 00:35:00,ADD,LONG,30376.0,0.45559250891933956,-5.535631220373034,17523.86851257596,adx=32.734407931352415
2023-07-13 15:44:00,CLOSE,LONG,31006.4,1.3667775267580187,525.6059975304306,18049.47451010639,Take Profit
2023-07-13 18:31:00,OPEN,LONG,31111.7,0.4641205594064327,-5.77583184323521,18043.698678263154,entry
2023-07-13 19:25:00,CLOSE,LONG,31650.6,0.4641205594064327,238.46285994987193,18282.161538213026,Take Profit
2023-07-13 19:48:00,OPEN,LONG,31532.1,0.4638361932941486,-5.850291692229803,18276.311246520796,entry
2023-07-13 20:57:00,ADD,LONG,31342.4,0.4638361932941486,-5.815095801881398,18270.496150718915,adx=24.06080409322723
2023-07-13 21:09:00,ADD,LONG,31104.7,1.3915085798824456,-17.31298276986854,18253.183167949046,adx=61.838511056881266
2023-07-14 18:30:00,PARTIAL_CLOSE,LONG,30225.2,1.8553447731765944,-1901.0049564720393,16352.178211477007,Stop Loss
2023-07-14 18:31:00,ADD,LONG,30144.2,1.3915085798824458,-16.77836517347714,16335.39984630353,adx=76.19611521449313
2023-07-18 06:37:00,ADD,LONG,29974.3,0.4638361932941486,-5.561266083463124,16329.838580220066,adx=33.808858398174166
2023-07-24 12:00:00,HEDGE_OPEN,SHORT,29242.8,2.319180966470743,-27.127738066525126,16302.710842153541,trend_bearish_confirmed
2023-08-02 00:00:00,HEDGE_CLOSE,SHORT,29737.2,2.319180966470743,-1201.3171871841168,15101.393654969424,Hedge Close Trend Up
2023-08-02 16:00:00,HEDGE_OPEN,SHORT,29292.0,2.319180966470743,-27.173379547944933,15074.22027542148,trend_bearish_confirmed
2023-08-08 20:00:00,HEDGE_CLOSE,SHORT,29892.4,2.319180966470743,-1447.339985865834,13626.880289555646,Hedge Close Trend Up
2023-08-15 20:00:00,HEDGE_OPEN,SHORT,29150.3,2.319180966470743,-27.041928370765163,13599.83836118488,trend_bearish_confirmed
2023-09-18 12:00:00,HEDGE_CLOSE,SHORT,27200.6,2.319180966470743,4469.43195643861,18069.27031762349,Hedge Close Trend Up
2023-09-22 00:00:00,HEDGE_OPEN,SHORT,26554.9,2.319180966470743,-24.634247458612663,18044.636070164877,trend_bearish_confirmed
2023-09-27 12:00:00,HEDGE_CLOSE,SHORT,26785.1,2.319180966470743,-583.3575035821777,17461.2785665827,Hedge Close Trend Up
2023-09-27 16:00:00,HEDGE_OPEN,SHORT,26280.3,2.319180966470743,-24.37950862125581,17436.899057961444,trend_bearish_confirmed
2023-09-28 16:00:00,HEDGE_CLOSE,SHORT,27080.0,2.319180966470743,-1904.149895736722,15532.749162224722,Hedge Close Trend Up
2023-10-11 16:00:00,HEDGE_OPEN,SHORT,26774.1,2.319180966470743,-24.83759324575294,15507.911568978969,trend_bearish_confirmed
2023-10-16 04:00:00,HEDGE_CLOSE,SHORT,27228.4,2.319180966470743,-1103.700541124399,14404.21102785457,Hedge Close Trend Up
2023-10-23 03:57:00,CLOSE,LONG,30734.8,2.319180966470743,861.470067159049,15265.681095013619,Take Profit
2023-10-23 05:04:00,OPEN,LONG,30578.5,0.3993833862357832,-4.88501795040429,15260.796077063214,entry
2023-10-23 09:46:00,ADD,LONG,30355.1,0.3993833862357832,-4.8493290510105,15255.946748012204,adx=12.466334768460209
2023-10-23 15:10:00,CLOSE,LONG,30834.3,0.7987667724715664,273.96067616491564,15529.90742417712,Take Profit
2023-10-23 17:28:00,OPEN,LONG,30889.6,0.40220417031433553,-4.969570375737021,15524.937853801383,entry
2023-10-23 19:01:00,CLOSE,LONG,31274.2,0.40220417031433553,144.68670806185946,15669.624561863242,Take Profit
2023-10-23 23:11:00,OPEN,LONG,32726.2,0.38304782252417313,-5.0142798597953515,15664.610282003447,entry
2023-10-23 23:16:00,CLOSE,LONG,33131.7,0.38304782252417313,145.23520195714445,15809.845483960591,Take Profit
2023-10-24 03:47:00,OPEN,LONG,34410.0,0.3675639752155906,-5.059150554867301,15804.786333405724,entry
2023-10-24 03:59:00,ADD,LONG,34071.1,1.1026919256467718,-15.027970747161817,15789.758362658562,adx=58.75118040245076
2023-10-24 05:28:00,CLOSE,LONG,34573.5,1.4702559008623624,573.6692551352771,16363.427617793839,Take Profit
2023-10-24 05:43:00,OPEN,LONG,34318.6,0.3814474394128861,-5.236296837694681,16358.191320956144,entry
2023-10-24 05:49:00,ADD,LONG,34103.1,1.1443423182386583,-15.610248205250173,16342.581072750894,adx=62.20574236215881
2023-10-24 05:58:00,ADD,LONG,33881.4,0.38144743941288617,-5.169589309489311,16337.411483441405,adx=75.37517534379859
2023-10-24 11:04:00,CLOSE,LONG,34512.0,1.9072371970644306,729.8891015935351,17067.30058503494,Take Profit
2023-10-24 14:20:00,OPEN,LONG,34148.4,0.39983836630787833,-5.461536187212914,17061.839048847727,entry
2023-10-24 15:22:00,ADD,LONG,33925.8,0.7996767326157566,-10.851869158148475,17050.98717968958,adx=49.163556487144696
2023-10-24 15:30:00,ADD,LONG,33411.8,0.7996767326157568,-10.687455621922709,17040.299724067656,adx=90.7104920039561
2023-10-24 16:32:00,CLOSE,LONG,34205.3,1.9991918315393917,826.4498936301861,17866.749617697842,Take Profit
2023-10-24 18:09:00,OPEN,LONG,33592.6,0.4254925100813356,-5.717359877664421,17861.032257820178,entry
2023-10-24 21:53:00,CLOSE,LONG,34002.9,0.4254925100813356,163.0750253002916,18024.10728312047,Take Profit
2023-10-24 23:18:00,OPEN,LONG,33998.7,0.4241128580356419,-5.767714330599119,18018.33956878987,entry
2023-10-24 23:34:00,ADD,LONG,33823.5,1.2723385741069257,-17.21397750452161,18001.12559128535,adx=81.66974332230517
2023-10-25 01:28:00,CLOSE,LONG,34347.8,1.6964514321425677,768.8554715090177,18769.981062794366,Take Profit
2023-10-25 02:22:00,OPEN,LONG,34071.7,0.44071721840223693,-6.006393940093403,18763.974668854273,entry
2023-10-25 07:29:00,ADD,LONG,33876.5,1.3221516552067107,-17.915948219044367,18746.05872063523,adx=60.24869216495913
2023-10-25 11:17:00,CLOSE,LONG,34356.3,1.7628688736089477,711.6478816133822,19457.70660224861,Take Profit
2023-10-25 14:06:00,OPEN,LONG,34342.9,0.4532571588828808,-6.2264661127192085,19451.48013613589,entry
2023-10-25 14:58:00,CLOSE,LONG,34780.9,0.4532571588828808,185.9942927110278,19637.47442884692,Take Profit
2023-10-25 16:29:00,OPEN,LONG,34621.2,0.4537676205064394,-6.283991817232163,19631.190437029687,entry
2023-10-25 23:03:00,ADD,LONG,34402.7,0.4537676205064394,-6.244332527199731,19624.946104502487,adx=16.96866387380788
2023-10-26 10:46:00,ADD,LONG,34186.9,0.4537676205064394,-6.205163306196482,19618.74094119629,adx=36.111259623524184
2023-10-26 14:35:00,ADD,LONG,34014.8,0.9075352410128785,-12.347851886403078,19606.393089309888,adx=45.038933440572414
2023-10-29 17:36:00,CLOSE,LONG,34677.0,2.2688381025321966,910.5980998484738,20516.99118915836,Take Profit
2023-10-29 19:04:00,OPEN,LONG,34585.7,0.474577439558161,-6.565437180532172,20510.42575197783,entry
2023-10-30 02:00:00,ADD,LONG,34236.8,0.474577439558161,-6.499205153064395,20503.926546824765,adx=23.936480789646275
2023-10-30 12:29:00,CLOSE,LONG,34835.7,0.949154879116322,376.57835625834196,20880.504903083107,Take Profit
2023-10-30 12:52:00,OPEN,LONG,34609.0,0.4826606929546213,-6.681761568986985,20873.82314151412,entry
2023-10-30 16:43:00,ADD,LONG,34421.8,0.4826606929546213,-6.645619936298317,20867.17752157782,adx=19.142835568418594
2023-10-30 17:12:00,ADD,LONG,34233.3,0.9653213859092425,-13.21845464010039,20853.95906693772,adx=48.471622915652844
2023-11-01 12:55:00,CLOSE,LONG,34807.8,1.930642771818485,783.4107023101715,21637.369769247893,Take Profit
2023-11-01 13:31:00,OPEN,LONG,34600.4,0.500280222638996,-6.923958326158754,21630.445810921734,entry
2023-11-01 14:49:00,ADD,LONG,34349.9,0.500280222638996,-6.873830247852311,21623.57198067388,adx=27.33223782410409
2023-11-01 14:56:00,ADD,LONG,34150.5,1.5008406679169881,-20.50178369188143,21603.070196982,adx=63.719482066618276
2023-11-01 18:36:00,CLOSE,LONG,34715.1,2.50140111319498,1018.424991770622,22621.495188752622,Take Profit
2023-11-01 22:40:00,OPEN,LONG,35225.5,0.513752711842333,-7.238878460400883,22614.25631029222,entry
2023-11-02 02:19:00,CLOSE,LONG,35651.4,0.513752711842333,204.2420001408609,22818.498310433082,Take Profit
2023-11-02 03:28:00,OPEN,LONG,35646.7,0.5121034667541867,-7.301919459339842,22811.196390973742,entry
2023-11-02 05:07:00,ADD,LONG,35401.4,0.5121034667541867,-7.251671867179539,22803.944719106563,adx=31.860430395574983
2023-11-02 05:26:00,ADD,LONG,35213.2,1.53631040026256,-21.639362154608534,22782.305356951954,adx=64.7968709396774
2023-11-03 09:36:00,PARTIAL_CLOSE,LONG,34267.8,2.048413867016747,-2219.348104787354,20562.9572521646,Stop Loss
2023-11-07 20:50:00,CLOSE,LONG,35836.4,0.5121034667541866,211.93420407347003,20774.89145623807,Take Profit
2023-11-07 22:03:00,OPEN,LONG,35398.9,0.4695036615541855,-6.647965265994571,20768.243490972076,entry
2023-11-08 06:04:00,ADD,LONG,35216.1,0.4695036615541855,-6.613635158264515,20761.62985581381,adx=24.23410206152999
2023-11-08 19:16:00,CLOSE,LONG,35761.0,0.939007323108371,399.1462842527144,21160.776140066526,Take Profit
2023-11-08 20:36:00,OPEN,LONG,35518.2,0.4766182101585448,-6.771448364819662,21154.004691701706,entry
2023-11-08 23:45:00,CLOSE,LONG,36110.4,0.4766182101585448,268.59750600462576,21422.602197706332,Take Profit
2023-11-09 05:30:00,OPEN,LONG,36534.3,0.46909566511921846,-6.855232703266665,21415.746965003065,entry
2023-11-09 10:21:00,CLOSE,LONG,36983.8,0.46909566511921846,197.06369266396723,21612.810657667033,Take Profit
2023-11-09 11:13:00,OPEN,LONG,36661.2,0.4716225471652218,-6.916099410453171,21605.89455825658,entry
2023-11-09 13:51:00,CLOSE,LONG,37133.1,0.4716225471652218,208.63745771435788,21814.532015970937,Take Profit
2023-11-09 15:26:00,OPEN,LONG,37340.0,0.4673707984139462,-6.980650245110155,21807.551365725827,entry
2023-11-09 15:58:00,ADD,LONG,37128.2,1.4021123952418386,-20.823163773206034,21786.72820195262,adx=52.013610929070964
2023-11-09 16:07:00,ADD,LONG,36920.0,0.46737079841394613,-6.902131950977491,21779.826070001644,adx=49.097862136690765
2023-11-09 16:36:00,PARTIAL_CLOSE,LONG,35726.9,1.8694831936557847,-2647.76916281386,19132.056907187784,Stop Loss
2023-11-09 16:36:00,ADD,LONG,35726.9,0.46737079841394613,-6.679083911141788,19125.37782327664,adx=35.96667530228553
2023-11-10 02:52:00,CLOSE,LONG,36877.6,0.9347415968278923,365.17050811262015,19490.548331389262,Take Profit
2023-11-10 03:25:00,OPEN,LONG,36769.8,0.4240555745506206,-6.236975466043077,19484.31135592322,entry
2023-11-10 07:25:00,ADD,LONG,36575.0,0.4240555745506206,-6.203933055676316,19478.107422867542,adx=23.146135521354317
2023-11-10 11:32:00,CLOSE,LONG,37123.0,0.8481111491012412,357.1242031880647,19835.231626055607,Take Profit
2023-11-10 12:13:00,OPEN,LONG,36907.1,0.42994939458381953,-6.347274120336806,19828.88435193527,entry
2023-11-10 16:07:00,CLOSE,LONG,37378.0,0.42994939458381953,189.68763640088218,20018.571988336153,Take Profit
2023-11-10 17:39:00,OPEN,LONG,37179.8,0.4307408213779773,-6.405943036268582,20012.166045299884,entry
2023-11-11 02:20:00,ADD,LONG,36941.7,0.8614816427559546,-12.729838560877397,19999.436206739007,adx=42.51244573444178
2023-11-13 14:43:00,ADD,LONG,36720.0,0.4307408213779773,-6.326721184399503,19993.109485554607,adx=39.27649192832738
2023-11-13 21:15:00,ADD,LONG,36521.0,0.4307408213779773,-6.292434215018147,19986.81705133959,adx=84.26710975164313
2023-11-14 18:42:00,ADD,LONG,35718.2,0.4307408213779773,-6.154114722456143,17987.319709169977,adx=26.615878819444962
2023-11-14 18:42:00,PARTIAL_CLOSE,LONG,35718.2,1.7229632855119092,-1993.343227447156,17993.473823892433,Stop Loss
2023-11-14 18:51:00,ADD,LONG,35412.6,1.292222464133932,-18.30438289335507,17969.01532627662,adx=62.587735710579345
2023-11-15 11:30:00,CLOSE,LONG,36199.9,2.1537041068898866,852.761777256892,18821.777103533514,Take Profit
2023-11-15 20:34:00,OPEN,LONG,37424.9,0.4023369917575414,-6.022968673129071,18815.754134860385,entry
2023-11-15 22:43:00,CLOSE,LONG,37880.1,0.4023369917575414,171.02460378231262,18986.778738642697,Take Profit
2023-11-16 01:16:00,OPEN,LONG,37677.1,0.4031473492098425,-6.075769196366309,18980.70296944633,entry
2023-11-16 01:50:00,ADD,LONG,37469.0,0.806294698419685,-12.08442242203455,18968.618547024296,adx=47.11948555538906
2023-11-16 08:27:00,ADD,LONG,37248.7,0.806294698419685,-12.013371733210079,18956.605175291086,adx=63.357881479931585
2023-11-16 18:04:00,PARTIAL_CLOSE,LONG,36281.6,1.61258939683937,-1863.2061722381877,17093.3990030529,Stop Loss
2023-11-16 18:19:00,ADD,LONG,36210.1,0.4031473492098425,-5.839202331848355,17087.55980072105,adx=23.28409574461907
2023-11-16 19:21:00,ADD,LONG,35809.1,0.806294698419685,-11.549074994072726,17076.010725726977,adx=42.56214322650708
2023-11-16 19:34:00,ADD,LONG,35578.2,0.4031473492098425,-5.737302807861852,17070.273422919116,adx=55.355827601641366
2023-11-17 02:26:00,CLOSE,LONG,36602.1,2.0157367460492126,796.6547196348401,17866.928142553956,Take Profit
2023-11-17 02:45:00,OPEN,LONG,36478.2,0.3918379337259834,-5.7174170056168805,17861.21072554834,entry
2023-11-17 09:34:00,ADD,LONG,36275.0,0.7836758674519668,-11.37113683672942,17849.83958871161,adx=49.24399252525747
2023-11-17 14:50:00,ADD,LONG,35948.9,0.7836758674519668,-11.26891415657883,17838.57067455503,adx=65.58809520976108
2023-11-17 17:08:00,CLOSE,LONG,36625.7,1.959189668629917,805.9629038140192,18644.53357836905,Take Profit
2023-11-17 20:37:00,OPEN,LONG,36359.4,0.4102275302313911,-5.966250745077559,18638.567327623972,entry
2023-11-18 16:11:00,CLOSE,LONG,36807.7,0.4102275302313911,171.89893831185327,18810.466265935826,Take Profit
2023-11-18 16:35:00,OPEN,LONG,36669.0,0.4103840577258355,-6.019349205100298,18804.446916730725,entry
2023-11-18 22:22:00,ADD,LONG,36450.0,1.2311521731775066,-17.950198684928182,18786.496718045797,adx=55.06539014933433
2023-11-19 19:47:00,CLOSE,LONG,36954.7,1.641536230903342,690.3746876240621,19476.87140566986,Take Profit
2023-11-19 20:18:00,OPEN,LONG,36858.3,0.4227405258662469,-6.232598849815986,19470.638806820043,entry
2023-11-19 23:07:00,CLOSE,LONG,37366.0,0.4227405258662469,202.0743171366703,19672.713123956713,Take Profit
2023-11-20 00:04:00,OPEN,LONG,37298.2,0.4219552283800659,-6.295268199664861,19666.41785575705,entry
2023-11-20 03:43:00,ADD,LONG,37106.4,0.4219552283800659,-6.262895794545329,19660.154959962503,adx=36.50540433450628
2023-11-20 14:11:00,ADD,LONG,36892.4,0.8439104567601318,-12.453552853992733,19647.70140710851,adx=49.8748540332857
2023-11-20 16:00:00,CLOSE,LONG,37530.3,1.6878209135202635,764.7836232441405,20412.48503035265,Take Profit
2023-11-20 16:53:00,OPEN,LONG,37255.6,0.4383230447042088,-6.531995209712477,20405.95303514294,entry
2023-11-20 17:28:00,ADD,LONG,36929.7,0.4383230447042088,-6.474855417603976,20399.478179725334,adx=23.3829754646275
2023-11-20 17:47:00,CLOSE,LONG,37687.0,0.8766460894084176,494.8124881439653,20894.2906678693,Take Profit
2023-11-20 18:13:00,OPEN,LONG,37449.2,0.4463495224008909,-6.6861730137170525,20887.604494855583,entry
2023-11-21 07:58:00,ADD,LONG,37261.1,0.4463495224008909,-6.652589675653871,20880.95190517993,adx=30.509043842389268
2023-11-21 14:01:00,ADD,LONG,37004.9,0.4463495224008909,-6.606847776598443,20874.34505740333,adx=20.832534338023844
2023-11-21 14:44:00,ADD,LONG,36697.0,0.4463495224008909,-6.551875369419577,20867.79318203391,adx=20.718189969820934
2023-11-21 22:31:00,ADD,LONG,36490.0,0.4463495224008911,-6.514917628963303,20861.278264404948,adx=67.40174554742869
2023-11-21 23:56:00,PARTIAL_CLOSE,LONG,35850.0,1.7853980896035637,-2043.8880250163602,18817.390239388587,Stop Loss
2023-11-22 19:08:00,CLOSE,LONG,37425.6,0.4463495224008909,159.002590453405,18976.392829841992,Take Profit
2023-11-22 22:28:00,OPEN,LONG,37531.6,0.4044888644202111,-6.0724457055512175,18970.32038413644,entry
2023-11-22 23:12:00,ADD,LONG,37292.5,0.4044888644202111,-6.0337603905572905,18964.286623745884,adx=27.86645200073532
2023-11-23 15:20:00,ADD,LONG,37090.0,0.40448886442021104,-6.000996792539809,18958.285626953344,adx=35.2574654967452
2023-11-24 10:24:00,CLOSE,LONG,37758.9,1.2134665932606332,514.7216582710316,19473.007285224376,Take Profit
2023-11-24 11:56:00,OPEN,LONG,37724.1,0.41295632839960406,-6.231362331272976,19466.775922893103,entry
2023-11-24 15:26:00,CLOSE,LONG,38211.9,0.41295632839960406,188.89679629198872,19655.67271918509,Take Profit
2023-11-24 16:18:00,OPEN,LONG,38168.9,0.4119725267258965,-6.289815270138206,19649.382903914953,entry
2023-11-24 16:47:00,ADD,LONG,37945.4,0.4119725267258965,-6.252984926250065,19643.129918988703,adx=39.008796726504336
2023-11-24 16:54:00,ADD,LONG,37689.1,1.2359175801776896,-18.632248508431076,19624.497670480272,adx=64.41994288831123
2023-11-28 19:41:00,CLOSE,LONG,38305.9,2.0598626336294825,904.5332899718815,20529.030960452154,Take Profit
2023-11-28 21:44:00,OPEN,LONG,37972.5,0.4325031211629923,-6.569289907343773,20522.46167054481,entry
2023-11-28 23:36:00,ADD,LONG,37757.9,0.4325031211629923,-6.532163839423447,20515.929506705386,adx=17.007848190526943
2023-11-29 08:57:00,CLOSE,LONG,38350.2,0.8650062423259846,393.15730882355274,20909.08681552894,Take Profit
2023-11-29 09:30:00,OPEN,LONG,38173.9,0.4381860237602957,-6.6909077809687005,20902.39590774797,entry
2023-11-29 10:44:00,ADD,LONG,37911.5,1.314558071280887,-19.934747327744844,20882.461160420225,adx=56.636863159646445
2023-11-29 15:06:00,ADD,LONG,37719.3,0.4381860237602959,-6.611228034409578,20875.849932385816,adx=28.423964695167097
2023-12-01 09:06:00,CLOSE,LONG,38385.5,2.1909301188014787,940.8633550707164,21816.713287456532,Take Profit
2023-12-01 12:21:00,OPEN,LONG,38478.0,0.4535934983617971,-6.981348251985764,21809.731939204547,entry
2023-12-01 14:08:00,ADD,LONG,38252.0,0.4535934983617971,-6.940343399735866,21802.79159580481,adx=23.097364893704956
2023-12-01 16:33:00,CLOSE,LONG,38881.2,0.9071869967235942,440.25922843419175,22243.050824239002,Take Profit
2023-12-01 21:55:00,OPEN,LONG,38786.0,0.4587851456554221,-7.117776263756241,22235.933047975246,entry
2023-12-02 19:08:00,CLOSE,LONG,39430.7,0.4587851456554221,281.4249193631731,22517.35796733842,Take Profit
2023-12-02 22:08:00,OPEN,LONG,39456.5,0.4565505398063877,-7.205554549549561,22510.15241278887,entry
2023-12-03 03:12:00,ADD,LONG,39255.5,1.3696516194191632,-21.50654365844457,22488.645869130425,adx=51.88382240634281
2023-12-03 15:50:00,CLOSE,LONG,39797.0,1.8262021592255508,839.3387655792794,23327.984634709705,Take Profit
2023-12-03 17:00:00,OPEN,LONG,39656.1,0.47060572541847945,-7.464955083105451,23320.5196796266,entry
2023-12-03 17:45:00,ADD,LONG,39445.6,0.47060572541847945,-7.425330081026914,23313.094349545572,adx=13.300911788856695
2023-12-03 22:33:00,CLOSE,LONG,40197.9,0.9412114508369589,578.9866945880894,23892.08104413366,Take Profit
2023-12-03 23:31:00,OPEN,LONG,39790.0,0.4803635294120867,-7.645465934121603,23884.43557819954,entry
2023-12-04 01:15:00,CLOSE,LONG,40308.5,0.4803635294120867,233.6779307359211,24118.11350893546,Take Profit
2023-12-04 02:23:00,OPEN,LONG,40496.5,0.4764483549726117,-7.717796322860522,24110.3957126126,entry
2023-12-04 05:09:00,CLOSE,LONG,41193.9,0.4764483549726117,316.70658007907696,24427.102292691678,Take Profit
2023-12-04 07:43:00,OPEN,LONG,41410.1,0.4719061734734604,-7.8166727336611075,24419.285619958016,entry
2023-12-04 10:36:00,CLOSE,LONG,41913.3,0.4719061734734604,221.7348557499281,24641.020475707945,Take Profit
2023-12-04 11:11:00,OPEN,LONG,41803.3,0.47156124948428363,-7.88512655222803,24633.135349155717,entry
2023-12-04 14:08:00,ADD,LONG,41581.8,1.414683748452851,-23.53003867656662,24609.60531047915,adx=57.364292741857774
2023-12-04 15:33:00,ADD,LONG,41309.9,0.4715612494842836,-7.792059224029799,24601.81325125512,adx=61.23242010419886
2023-12-04 22:09:00,CLOSE,LONG,42115.6,2.357806247421418,1203.4362674771728,25805.249518732293,Take Profit
2023-12-04 22:46:00,OPEN,LONG,41976.1,0.49180842467465613,-8.257679845995881,25796.991838886297,entry
2023-12-05 06:34:00,ADD,LONG,41737.6,0.9836168493493123,-16.421522644559445,25780.570316241738,adx=41.747170597765994
2023-12-05 07:20:00,ADD,LONG,41522.5,0.9836168493493123,-16.33689225084163,25764.233423990896,adx=64.62565560255966
2023-12-05 14:58:00,CLOSE,LONG,42215.0,2.4590421233732807,1185.686904671853,26949.92032866275,Take Profit
2023-12-05 19:47:00,OPEN,LONG,43616.4,0.49430801861066476,-8.623974505171645,26941.296354157577,entry
2023-12-05 21:46:00,CLOSE,LONG,44187.0,0.49430801861066476,264.6913855467319,27205.98773970431,Take Profit
2023-12-05 22:00:00,OPEN,LONG,43824.5,0.49663521983738435,-8.705916076705762,27197.281823627603,entry
2023-12-05 22:28:00,CLOSE,LONG,44380.1,0.49663521983738435,258.408323776981,27455.690147404584,Take Profit
2023-12-05 23:07:00,OPEN,LONG,44160.0,0.49738569107617003,-8.785820847169816,27446.904326557415,entry
2023-12-05 23:14:00,ADD,LONG,43935.3,0.9947713821523401,-17.482231642512488,27429.422094914902,adx=46.959067458927414
2023-12-06 02:24:00,ADD,LONG,43712.1,0.49738569107617003,-8.696709226755047,27420.725385688147,adx=35.51785069767981
2023-12-07 09:15:00,ADD,LONG,43213.4,0.49738569107617003,-8.597490729101992,27412.127894959045,adx=54.364873231556665
2023-12-08 20:54:00,CLOSE,LONG,44351.5,2.48692845538085,1305.6944195797114,28717.822314538756,Take Profit
2023-12-08 22:32:00,OPEN,LONG,44427.8,0.5171144610273524,-9.189703140651545,28708.632611398105,entry
2023-12-09 01:02:00,ADD,LONG,44190.0,0.5171144610273524,-9.140515213119215,28699.492096184986,adx=15.654240457185399
2023-12-09 08:37:00,ADD,LONG,43939.9,1.5513433830820573,-27.266349247314793,28672.22574693767,adx=51.52152623471068
2023-12-11 02:07:00,PARTIAL_CLOSE,LONG,42659.6,2.06845784410941,-2988.846789302457,25683.378957635214,Stop Loss
2023-12-11 02:12:00,ADD,LONG,40929.1,2.06845784410941,-33.864047178936744,25649.514910456277,adx=20
2023-12-11 02:28:00,CLOSE,LONG,42140.6,2.585572305136762,1376.122891871637,27025.637802327914,Take Profit
2023-12-11 04:24:00,OPEN,LONG,42073.4,0.5138759939026162,-8.648204096745758,27016.98959823117,entry
2023-12-11 05:46:00,ADD,LONG,41654.0,0.5138759939026162,-8.561996260006708,27008.42760197116,adx=33.39876423221698
2023-12-11 09:19:00,CLOSE,LONG,42383.3,1.0277519878052324,499.385924176946,27507.813526148107,Take Profit
2023-12-11 11:24:00,OPEN,LONG,42350.0,0.5196281185576974,-8.802500328369206,27499.01102581974,entry
2023-12-11 13:49:00,ADD,LONG,41950.0,0.5196281185576974,-8.719359829399764,27490.29166599034,adx=37.8842294001846
2023-12-11 16:13:00,ADD,LONG,41568.1,0.5196281185576974,-8.639981438005634,27481.651684552333,adx=38.317859148960416
2023-12-11 17:54:00,ADD,LONG,41344.1,1.0392562371153948,-17.186845517167967,27464.464839035165,adx=47.72140760122223
2023-12-11 19:37:00,PARTIAL_CLOSE,LONG,40410.4,2.0785124742307897,-2737.451145423329,24727.013693611836,Stop Loss
2023-12-11 19:38:00,ADD,LONG,40371.8,1.0392562371153948,-16.78265798143184,24710.231035630404,adx=45.488696250281386
2023-12-11 22:18:00,CLOSE,LONG,41328.4,1.5588843556730922,709.3058713772152,25419.53690700762,Take Profit
2023-12-11 22:58:00,OPEN,LONG,41264.7,0.4928093388684784,-8.134251810242858,25411.402655197377,entry
2023-12-12 00:47:00,CLOSE,LONG,41787.0,0.4928093388684784,241.02285634344662,25652.425511540823,Take Profit
2023-12-12 01:24:00,OPEN,LONG,41663.6,0.4925628224453158,-8.208776163693983,25644.21673537713,entry
2023-12-12 04:58:00,ADD,LONG,41423.2,0.9851256448906316,-16.32282264537207,25627.893912731757,adx=41.25435415367726
2023-12-12 07:49:00,CLOSE,LONG,42026.5,1.4776884673359474,723.7049212698657,26351.598834001623,Take Profit
2023-12-12 09:33:00,OPEN,LONG,41865.2,0.5035513760163883,-8.432511626881023,26343.166322374742,entry
2023-12-12 11:41:00,ADD,LONG,41635.8,1.0071027520327767,-16.772611505235545,26326.393710869506,adx=41.695447190084
2023-12-12 14:55:00,ADD,LONG,41373.0,1.0071027520327769,-16.666744863941858,26309.726966005564,adx=70.09089269452733
2023-12-13 16:08:00,CLOSE,LONG,42086.8,2.517756880081942,1200.4026703927157,27510.12963639828,Take Profit
2023-12-13 16:33:00,OPEN,LONG,41964.9,0.5244407518930969,-8.80324148364889,27501.32639491463,entry
2023-12-13 19:10:00,CLOSE,LONG,42473.6,0.5244407518930969,249.0698143165282,27750.39620923116,Take Profit
2023-12-13 22:43:00,OPEN,LONG,43022.0,0.5160224296263523,-8.880126786953042,27741.516082444206,entry
2023-12-14 00:24:00,ADD,LONG,42742.6,0.5160224296263523,-8.822456120218703,27732.693626323988,adx=27.310682930590417
2023-12-14 13:29:00,ADD,LONG,42439.5,1.5480672888790568,-26.27968068255359,27706.413945641434,adx=69.70017181194426
2023-12-14 17:33:00,CLOSE,LONG,43132.3,2.5801121481317613,1242.0155004761364,28948.42944611757,Take Profit
2023-12-14 18:08:00,OPEN,LONG,43066.8,0.5377400586273894,-9.263497422758519,28939.165948694812,entry
2023-12-15 03:16:00,ADD,LONG,42758.3,1.0754801172547785,-18.394280599044578,28920.771668095767,adx=42.31592531047152
2023-12-15 13:04:00,ADD,LONG,42529.9,1.075480117254779,-18.296024735533138,28902.475643360234,adx=74.11143337591055
2023-12-17 23:33:00,PARTIAL_CLOSE,LONG,41442.2,2.1509602345095575,-2802.7374937747154,26099.73814958552,Stop Loss
2023-12-17 23:34:00,ADD,LONG,41301.6,1.0754801172547788,-17.767619844322326,26081.970529741197,adx=45.92132191370244
2023-12-18 01:35:00,ADD,LONG,41044.5,1.0754801172547788,-17.657017469064158,26064.313512272132,adx=56.21694028292802
2023-12-18 20:48:00,CLOSE,LONG,41987.1,2.688700293136947,1225.6986845260362,27290.01219679817,Take Profit
2023-12-19 04:32:00,OPEN,LONG,43013.1,0.5075665264172667,-8.73280390297441,27281.279392895194,entry
2023-12-19 14:07:00,ADD,LONG,42710.6,1.5226995792518,-26.01416505983798,27255.265227835356,adx=50.781691391938544
2023-12-19 14:50:00,ADD,LONG,42399.2,0.5075665264172669,-8.608165866749914,27246.657061968606,adx=40.57446472914031
2023-12-20 13:18:00,CLOSE,LONG,43242.0,2.537832632086334,1265.8700844755404,28512.527146444147,Take Profit
2023-12-20 15:42:00,OPEN,LONG,44058.8,0.517717725338759,-9.124008686863817,28503.403137757283,entry
2023-12-20 16:54:00,ADD,LONG,43769.7,0.517717725338759,-9.064139809102926,28494.33899794818,adx=19.7828093797856
2023-12-20 20:06:00,ADD,LONG,43435.2,1.5531531760162771,-26.984607532362133,28467.354390415818,adx=55.2805677906185
2023-12-21 11:12:00,CLOSE,LONG,44150.7,2.588588626693795,1265.2218537717854,29732.576244187603,Take Profit
2023-12-21 13:02:00,OPEN,LONG,44018.5,0.5403650963878842,-9.514424398141273,29723.061819789462,entry
2023-12-21 14:16:00,ADD,LONG,43758.6,1.0807301927757682,-18.916496085439576,29704.145323704022,adx=43.85364696178605
2023-12-22 06:34:00,CLOSE,LONG,44449.1,1.6210952891636525,921.6719974856896,30625.817321189712,Take Profit
2023-12-22 07:01:00,OPEN,LONG,43816.6,0.559163738330947,-9.80026154277948,30616.017059646932,entry
2023-12-22 07:57:00,ADD,LONG,43568.1,1.6774912149928412,-29.234042001571652,30586.78301764536,adx=55.97868737896683
2023-12-23 04:12:00,ADD,LONG,43319.0,0.5591637383309469,-9.688965592304157,30577.094052053057,adx=64.7544745712023
2023-12-26 16:23:00,PARTIAL_CLOSE,LONG,42250.2,2.236654953323788,-2985.2188120346036,27591.875240018453,Stop Loss
2023-12-26 17:37:00,ADD,LONG,42044.2,1.118327476661894,-18.80767363770792,27573.067566380745,adx=47.264715030368144
2023-12-27 10:29:00,CLOSE,LONG,43100.4,1.677491214992841,823.2725403620716,28396.340106742817,Take Profit
2023-12-27 11:20:00,OPEN,LONG,43075.8,0.5273743513850991,-9.08682883415895,28387.253277908658,entry
2023-12-27 12:44:00,ADD,LONG,42851.6,1.5821230541552973,-27.118601706977643,28360.13467620168,adx=53.161788823009104
2023-12-27 20:36:00,CLOSE,LONG,43436.0,2.1094974055403966,1041.6962719533112,29401.83094815499,Take Profit
2023-12-27 22:41:00,OPEN,LONG,43419.5,0.5417258319078754,-9.408585903409403,29392.422362251582,entry
2023-12-28 05:12:00,ADD,LONG,43189.1,1.625177495723626,-28.075981352223607,29364.34638089936,adx=57.18962717743716
2023-12-28 12:27:00,ADD,LONG,42972.2,0.5417258319078755,-9.311660317565838,29355.034720581792,adx=44.11815104672751
2023-12-29 17:08:00,ADD,LONG,41838.7,1.625177495723626,-27.19812547613401,26359.535535185965,adx=68.86897773550251
2023-12-29 17:08:00,PARTIAL_CLOSE,LONG,41838.7,2.1669033276315015,-2968.301059919693,26386.7336606621,Stop Loss
2023-12-31 07:32:00,CLOSE,LONG,42689.6,2.1669033276315015,999.8127707596796,27359.348305945645,Take Profit
2023-12-31 08:24:00,OPEN,LONG,42456.6,0.515525940484083,-8.754991457903088,27350.59331448774,entry
2023-12-31 22:52:00,ADD,LONG,42181.0,1.0310518809681661,-17.396319756448065,27333.196994731294,adx=46.24697540305515
2024-01-01 01:38:00,CLOSE,LONG,42811.3,1.546577821452249,780.0933376145767,28113.29033234587,Take Profit
2024-01-01 02:02:00,OPEN,LONG,42624.4,0.5276468939357902,-8.99625290635231,28104.294079439518,entry
2024-01-01 03:41:00,ADD,LONG,42397.5,0.5276468939357902,-8.948363674258871,28095.34571576526,adx=21.142843674327718
2024-01-01 18:07:00,CLOSE,LONG,43041.3,1.0552937878715805,523.5619572123178,28618.907672977577,Take Profit
2024-01-01 21:27:00,OPEN,LONG,43685.2,0.5240934261118654,-9.158050455353077,28609.749622522224,entry
2024-01-01 22:20:00,ADD,LONG,43454.1,0.5240934261118654,-9.10960325904307,28600.64001926318,adx=37.612888629630675
2024-01-01 23:32:00,CLOSE,LONG,44108.5,1.0481868522237308,528.0542516978348,29128.694270961016,Take Profit
2024-01-02 05:04:00,OPEN,LONG,45160.3,0.5160053280595748,-9.321182166706421,29119.37308879431,entry
2024-01-02 08:17:00,CLOSE,LONG,45710.6,0.5160053280595748,265.201784604953,29384.574873399262,Take Profit
2024-01-02 11:38:00,OPEN,LONG,45432.0,0.5174251606515102,-9.403063959489373,29375.171809439773,entry
2024-01-02 15:17:00,ADD,LONG,44980.6,1.0348503213030207,-18.619275344961352,29356.55253409481,adx=41.62474829595429
2024-01-03 11:23:00,ADD,LONG,44630.0,1.0348503213030202,-18.474147935899964,29338.07838615891,adx=77.8361151474522
2024-01-03 12:00:00,PARTIAL_CLOSE,LONG,43575.3,2.069700642606041,-2841.223199514363,26496.85518664455,Stop Loss
2024-01-03 12:08:00,ADD,LONG,41973.3,2.069700642606041,-34.74886639291799,26462.10632025163,adx=20
2024-01-03 16:01:00,CLOSE,LONG,43204.2,2.587125803257551,1528.3357927436555,27990.442112995286,Take Profit
2024-01-03 22:22:00,OPEN,LONG,42779.4,0.5234377688886761,-8.956941476157226,27981.48517151913,entry
2024-01-04 12:15:00,CLOSE,LONG,43353.8,0.5234377688886761,282.62850643555794,28264.113677954687,Take Profit
2024-01-04 12:26:00,OPEN,LONG,43190.0,0.5235307002168036,-9.044516376947286,28255.06916157774,entry
2024-01-04 15:00:00,CLOSE,LONG,43773.3,0.5235307002168036,287.16427449959883,28542.23343607734,Take Profit
2024-01-04 16:07:00,OPEN,LONG,43831.0,0.5209506228208772,-9.133514699544321,28533.099921377794,entry
2024-01-04 19:19:00,CLOSE,LONG,44357.5,0.5209506228208772,255.90376131493758,28789.00368269273,Take Profit
2024-01-04 19:46:00,OPEN,LONG,43942.1,0.5241261329375289,-9.21248117846335,28779.79120151427,entry
2024-01-04 20:38:00,CLOSE,LONG,44516.6,0.5241261329375289,282.565056830339,29062.356258344607,Take Profit
2024-01-04 22:33:00,OPEN,LONG,44326.5,0.5245143425868427,-9.299954002668528,29053.05630434194,entry
2024-01-05 00:32:00,ADD,LONG,44085.1,0.5245143425868427,-9.249306897749193,29043.80699744419,adx=37.83996485864113
2024-01-05 01:47:00,ADD,LONG,43711.0,1.0490286851736854,-18.34163714305032,29025.46536030114,adx=43.59193819682914
2024-01-05 01:48:00,PARTIAL_CLOSE,LONG,42521.1,1.6784458962778968,-2440.9780330403155,26584.487327260824,Stop Loss
2024-01-05 14:42:00,ADD,LONG,43293.8,0.5245143425868427,-9.083287618035683,26575.404039642788,adx=26.903278113427653
2024-01-05 20:54:00,CLOSE,LONG,44126.5,0.9441258166563168,444.66120906216383,27020.065248704952,Take Profit
2024-01-06 00:46:00,OPEN,LONG,43969.9,0.4916102196949268,-8.646420879584184,27011.418827825368,entry
2024-01-06 06:11:00,ADD,LONG,43532.3,0.4916102196949268,-8.560369426730176,27002.858458398638,adx=17.506394821894343
2024-01-07 13:19:00,CLOSE,LONG,44306.6,0.9832204393898536,511.5469018867989,27514.405360285436,Take Profit
2024-01-07 15:21:00,OPEN,LONG,44280.3,0.497095193307822,-8.804609715291008,27505.600750570145,entry
2024-01-07 15:46:00,ADD,LONG,43997.9,1.4912855799234659,-26.245373526766343,27479.35537704338,adx=50.03163328360626
2024-01-07 22:36:00,ADD,LONG,43759.8,0.4970951933078218,-8.701114496045193,27470.654262547334,adx=63.72657663132442
2024-01-08 11:55:00,CLOSE,LONG,44613.1,2.4854759665391097,1418.9384846760913,28889.592747223425,Take Profit
2024-01-08 12:29:00,OPEN,LONG,44504.9,0.5193062830784642,-9.244669679112121,28880.348077544313,entry
2024-01-08 12:58:00,CLOSE,LONG,45115.6,0.5193062830784642,298.52415157896394,29178.872229123277,Take Profit
2024-01-08 13:35:00,OPEN,LONG,44923.3,0.5196211717148701,-9.33723911331981,29169.534990009957,entry
2024-01-08 17:53:00,CLOSE,LONG,45500.6,0.5196211717148701,281.1828332833793,29450.717823293337,Take Profit
2024-01-08 19:28:00,OPEN,LONG,46654.8,0.5049978621414016,-9.42422970345433,29441.293593589882,entry
2024-01-09 00:38:00,ADD,LONG,46387.4,1.5149935864242048,-28.11064539635845,29413.182948193524,adx=74.0435427727836
2024-01-09 12:56:00,ADD,LONG,45806.2,0.5049978621414017,-9.25281322912997,29403.930134964394,adx=31.73578817842619
2024-01-09 13:52:00,CLOSE,LONG,46924.9,2.5249893107070083,1421.468446953655,30825.39858191805,Take Profit
2024-01-09 18:09:00,OPEN,LONG,46567.0,0.5295664068016931,-9.86412754621415,30815.534454371835,entry
2024-01-09 21:11:00,CLOSE,LONG,47637.0,0.5295664068016931,546.6811457632721,31362.215600135107,Take Profit
2024-01-09 23:17:00,OPEN,LONG,45969.7,0.5457893455930338,-10.035908992042096,31352.179691143065,entry
2024-01-10 08:31:00,ADD,LONG,45686.2,0.5457893455930338,-9.97401648025334,31342.20567466281,adx=27.904183761126813
2024-01-10 08:58:00,ADD,LONG,45435.0,1.6373680367791015,-29.757526700424933,31312.448147962386,adx=50.8085662929269
2024-01-10 17:42:00,CLOSE,LONG,46152.7,2.728946727965169,1429.4824639256258,32741.930611888012,Take Profit
2024-01-10 20:10:00,OPEN,LONG,45599.2,0.5744299130140531,-10.477417795802467,32731.45319409221,entry
2024-01-10 20:58:00,CLOSE,LONG,46208.9,0.5744299130140531,329.1349904058734,33060.58818449808,Take Profit
2024-01-10 21:39:00,OPEN,LONG,45278.0,0.5841351329033629,-10.579388219040993,33050.00879627904,entry
2024-01-10 21:58:00,CLOSE,LONG,45921.0,0.5841351329033629,354.2898744626,33404.29867074164,Take Profit
2024-01-10 23:27:00,OPEN,LONG,46854.0,0.5703555499336943,-10.68937557463505,33393.60929516701,entry
2024-01-11 01:08:00,ADD,LONG,46507.3,0.5703555499336943,-10.61027866697259,33382.999016500034,adx=25.334583997127456
2024-01-11 05:36:00,ADD,LONG,46219.9,0.5703555499336943,-10.544710592948832,33372.454305907086,adx=28.96482286914215
2024-01-11 06:05:00,ADD,LONG,45935.2,0.5703555499336943,-10.479758502922778,33361.97454740416,adx=29.901161603050316
2024-01-11 11:13:00,CLOSE,LONG,46977.1,2.2814221997347772,1279.096512576245,34641.07105998041,Take Profit
2024-01-11 13:31:00,OPEN,LONG,46875.3,0.591203829052493,-11.085142739197181,34629.98591724121,entry
2024-01-11 14:01:00,CLOSE,LONG,47448.7,0.591203829052493,316.6903915900766,34946.67630883129,Take Profit
2024-01-11 15:06:00,OPEN,LONG,48027.9,0.5821062558859544,-11.182936418823374,34935.493372412464,entry
2024-01-11 15:18:00,ADD,LONG,47672.8,1.7463187676578633,-33.30076213872235,34902.19261027374,adx=67.61783296368928
2024-01-11 15:42:00,ADD,LONG,46927.2,0.5821062558859547,-10.92664667648205,34891.26596359726,adx=29.177600273031008
2024-01-11 16:14:00,PARTIAL_CLOSE,LONG,46108.3,2.328425023543818,-3503.914842800743,31387.351120796517,Stop Loss
2024-01-11 17:28:00,ADD,LONG,45749.8,1.1642125117719089,-21.30499582842458,31366.046124968092,adx=46.27972916462626
2024-01-11 20:12:00,CLOSE,LONG,46927.5,1.746318767657863,873.2162905365149,32239.262415504607,Take Profit
2024-01-11 20:32:00,OPEN,LONG,46529.0,0.5543082794043217,-10.316563972963195,32228.945851531644,entry
2024-01-11 21:45:00,ADD,LONG,46175.9,0.5543082794043217,-10.238273471579305,32218.707578060064,adx=20.953709635783436
2024-01-12 01:26:00,ADD,LONG,45913.0,1.1086165588086434,-20.359964825831412,32198.347613234233,adx=45.69246687588116
2024-01-12 15:18:00,ADD,LONG,45062.0,0.5543082794043217,-9.991295874606294,32188.356317359627,adx=53.41582959986731
2024-01-12 15:43:00,PARTIAL_CLOSE,LONG,44515.4,2.217233117617287,-3150.657573627803,29037.698743731824,Stop Loss
2024-01-12 22:03:00,ADD,LONG,42913.8,2.217233117617287,-38.05995942512163,28999.638784306702,adx=20
2024-01-13 00:00:00,HEDGE_OPEN,SHORT,42822.3,2.7715413970216085,-47.47351086627168,28952.16527344043,trend_bearish_confirmed
2024-01-28 08:00:00,HEDGE_CLOSE,SHORT,42398.0,2.7715413970216085,1081.4883790296371,30033.653652470068,Hedge Close Trend Up
2024-01-28 20:00:00,HEDGE_OPEN,SHORT,41786.2,2.7715413970216085,-46.32487324969043,29987.328779220377,trend_bearish_confirmed
2024-01-29 16:00:00,HEDGE_CLOSE,SHORT,42633.4,2.7715413970216085,-2441.638838004721,27545.689941215656,Hedge Close Trend Up
2024-02-01 04:00:00,HEDGE_OPEN,SHORT,41965.6,2.7715413970216085,-46.523759060339216,27499.166182155317,trend_bearish_confirmed
2024-02-01 16:00:00,HEDGE_CLOSE,SHORT,42538.3,2.7715413970216085,-1680.9441808981974,25818.22200125712,Hedge Close Trend Up
2024-02-07 20:17:00,CLOSE,LONG,44087.3,2.7715413970216085,1448.9874292330787,27267.2094304902,Take Profit
2024-02-07 22:58:00,OPEN,LONG,44112.4,0.4945042107070157,-8.725507017756172,27258.483923472442,entry
2024-02-08 00:40:00,CLOSE,LONG,44643.6,0.4945042107070157,245.1245504373619,27503.608473909804,Take Profit
2024-02-08 03:30:00,OPEN,LONG,44589.0,0.49345997396505514,-8.80115471165118,27494.807319198153,entry
2024-02-08 14:12:00,CLOSE,LONG,45148.6,0.49345997396505514,258.42743592696934,27753.234755125122,Take Profit
2024-02-08 14:31:00,OPEN,LONG,44876.5,0.494748650275759,-8.881035121641617,27744.35372000348,entry
2024-02-08 15:31:00,CLOSE,LONG,45417.9,0.494748650275759,249.98770624831377,27994.341426251794,Take Profit
2024-02-08 16:49:00,OPEN,LONG,45071.6,0.496886579154089,-8.958189256401965,27985.383236995393,entry
2024-02-09 02:18:00,CLOSE,LONG,45804.7,0.496886579154089,346.20546564459073,28331.588702639983,Take Profit
2024-02-09 04:17:00,OPEN,LONG,45927.4,0.49350215692836924,-9.066108384846302,28322.522594255137,entry
2024-02-09 08:57:00,CLOSE,LONG,46537.6,0.49350215692836924,282.88234538153847,28605.404939636675,Take Profit
2024-02-09 14:17:00,OPEN,LONG,47334.4,0.48346073789272365,-9.15372958068474,28596.25121005599,entry
2024-02-09 18:24:00,CLOSE,LONG,48128.8,0.48346073789272365,365.6001265365412,28961.851336592532,Take Profit
2024-02-09 18:55:00,OPEN,LONG,47609.9,0.48665258841698944,-9.267792427708628,28952.583544164823,entry
2024-02-09 19:09:00,ADD,LONG,47345.9,1.4599577652509683,-27.64920574311691,28924.934338421706,adx=57.815710035700796
2024-02-09 22:42:00,ADD,LONG,47098.8,0.4866525884169892,-9.168301172532665,28915.766037249174,adx=47.94744891569861
2024-02-10 20:45:00,CLOSE,LONG,47958.6,2.433262942084947,1389.872122874127,30305.6381601233,Take Profit
2024-02-10 21:11:00,OPEN,LONG,47764.3,0.5075864302020262,-9.69780421123869,30295.940355912062,entry
2024-02-11 03:36:00,CLOSE,LONG,48410.3,0.5075864302020262,308.3740651544649,30604.314421066527,Take Profit
2024-02-11 06:25:00,OPEN,LONG,48150.1,0.5084818419245904,-9.793380614741181,30594.521040451786,entry
2024-02-12 00:30:00,CLOSE,LONG,48780.1,0.5084818419245904,300.6286617588448,30895.14970221063,Take Profit
2024-02-12 01:03:00,OPEN,LONG,48458.9,0.5100429386917265,-9.886447904707893,30885.263254305923,entry
2024-02-12 02:37:00,ADD,LONG,48159.3,0.5100429386917265,-9.825324358935177,30875.437929946987,adx=31.040177710927797
2024-02-12 06:47:00,ADD,LONG,47824.2,0.5100429386917265,-9.756958203433896,30865.680971743554,adx=33.37906953065497
2024-02-12 14:56:00,CLOSE,LONG,48725.5,1.5301288160751794,825.1742128671904,31690.855184610744,Take Profit
2024-02-12 16:16:00,OPEN,LONG,49487.1,0.5123089481438313,-10.141073659076937,31680.714110951667,entry
2024-02-12 17:19:00,CLOSE,LONG,50120.0,0.5123089481438313,303.8284898287675,31984.542600780434,Take Profit
2024-02-12 18:39:00,OPEN,LONG,49726.4,0.5145683998967219,-10.23505363224831,31974.307547148186,entry
2024-02-13 01:36:00,CLOSE,LONG,50368.4,0.5145683998967219,309.7506643041015,32284.058211452288,Take Profit
2024-02-13 02:41:00,OPEN,LONG,49973.6,0.5168178111875437,-10.330898627664283,32273.727312824623,entry
2024-02-13 11:15:00,ADD,LONG,49673.8,1.0336356223750873,-20.537843671492737,32253.18946915313,adx=48.751712672437236
2024-02-13 13:36:00,ADD,LONG,49229.9,1.033635622375087,-20.354311330385826,32232.835157822745,adx=57.51022149157295
2024-02-14 08:53:00,CLOSE,LONG,50181.7,2.584089055937718,1513.2550581481555,33746.0902159709,Take Profit
2024-02-14 10:23:00,OPEN,LONG,51274.8,0.5265134563718771,-10.798748869114206,33735.291467101786,entry
2024-02-14 14:31:00,CLOSE,LONG,51920.4,0.5265134563718771,318.18362286048796,34053.475089962274,Take Profit
2024-02-14 15:11:00,OPEN,LONG,51523.5,0.5287447489392184,-10.897112028789707,34042.577977933484,entry
2024-02-14 19:19:00,ADD,LONG,51250.0,0.5287447489392184,-10.839267353250762,34031.73871058023,adx=34.74497921357676
2024-02-15 00:21:00,CLOSE,LONG,52116.6,1.0574894978784368,728.0272277784825,34759.765938358716,Take Profit
2024-02-15 01:10:00,OPEN,LONG,52070.9,0.5340374902428606,-11.123125100275502,34748.64281325844,entry
2024-02-15 01:34:00,ADD,LONG,51762.5,1.6021124707285819,-33.17173870643455,34715.471074552006,adx=50.169565996546744
2024-02-15 11:34:00,CLOSE,LONG,52495.7,2.1361499609714425,1312.3776505841815,36027.84872513619,Take Profit
2024-02-15 14:02:00,OPEN,LONG,52150.0,0.5526803256013222,-11.528911592045915,36016.31981354414,entry
2024-02-15 14:33:00,CLOSE,LONG,52787.9,0.5526803256013222,329.3559346051188,36345.67574814926,Take Profit
2024-02-15 15:03:00,OPEN,LONG,52478.7,0.5540636600853186,-11.630616239410301,36334.04513190985,entry
2024-02-15 15:31:00,ADD,LONG,51982.4,0.5540636600853186,-11.520623521610105,36322.52450838824,adx=27.470373759670508
2024-02-15 20:17:00,ADD,LONG,51680.0,1.1081273201706372,-22.907207962569373,36299.61730042567,adx=43.51027911734927
2024-02-15 21:42:00,ADD,LONG,51408.0,0.5540636600853186,-11.39332185506646,36288.223978570604,adx=52.570791523247905
2024-02-16 13:02:00,CLOSE,LONG,52484.4,2.770318300426593,1653.4586931849844,37941.68267175559,Take Profit
2024-02-16 14:18:00,OPEN,LONG,52022.9,0.5834612475929729,-12.141338454959623,37929.54133330063,entry
2024-02-16 19:54:00,ADD,LONG,51708.1,0.5834612475929729,-12.06786901466694,37917.47346428596,adx=26.670066836198632
2024-02-17 13:28:00,ADD,LONG,51433.8,1.1669224951859458,-24.007703293158556,37893.4657609928,adx=40.84361155875326
2024-02-17 14:32:00,ADD,LONG,51038.6,0.583461247592973,-11.911618092563003,37881.55414290024,adx=16.4061907255554
2024-02-18 22:12:00,CLOSE,LONG,52149.3,2.9173062379648647,1693.1733370072907,39574.72747990753,Take Profit
2024-02-18 23:28:00,OPEN,LONG,52192.1,0.6066010370137631,-12.66391279357049,39562.06356711396,entry
2024-02-19 16:53:00,ADD,LONG,51862.2,1.8198031110412893,-37.75159716217604,39524.311969951785,adx=51.191627618745564
2024-02-20 00:42:00,ADD,LONG,51554.0,0.6066010370137631,-12.50908394488215,39511.8028860069,adx=22.237117367187214
2024-02-20 13:34:00,CLOSE,LONG,52749.3,3.0330051850688156,2550.495503107224,42062.29838911413,Take Profit
2024-02-20 14:09:00,OPEN,LONG,52458.4,0.6414575875606443,-13.45993548451952,42048.83845362961,entry
2024-02-20 14:40:00,ADD,LONG,51810.4,0.6414575875606443,-13.293669677819707,42035.54478395179,adx=15.692931238184517
2024-02-20 15:29:00,ADD,LONG,51521.9,1.2829151751212886,-26.439290944435925,42009.10549300735,adx=47.463278908239836
2024-02-20 17:00:00,ADD,LONG,51192.0,0.6414575875606445,-13.134998728965002,41995.97049427839,adx=77.43718749922937
2024-02-20 22:49:00,CLOSE,LONG,52326.0,3.2072879378032217,1871.3538298729181,43867.324324151305,Take Profit
2024-02-20 22:59:00,OPEN,LONG,52194.3,0.6723695778910924,-14.037543783728324,43853.286780367576,entry
2024-02-21 04:33:00,ADD,LONG,51913.4,2.017108733673277,-41.88598901387013,43811.400791353706,adx=54.682750869823145
2024-02-21 07:05:00,ADD,LONG,51650.2,0.6723695778910925,-13.891209268796956,43797.50958208491,adx=16.846605104068367
2024-02-26 15:31:00,CLOSE,LONG,52613.8,3.361847889455462,2202.170741185073,45999.68032326998,Take Profit
2024-02-26 18:34:00,OPEN,LONG,53454.8,0.6884273116467742,-14.719897703449533,45984.96042556653,entry
2024-02-26 19:15:00,CLOSE,LONG,54352.5,0.6884273116467742,588.3142017793507,46573.27462734588,Take Profit
2024-02-26 20:21:00,OPEN,LONG,54373.7,0.6852323770844491,-14.903447880751628,46558.37117946513,entry
2024-02-27 01:43:00,CLOSE,LONG,55062.8,0.6852323770844491,442.19785783497355,47000.569037300105,Take Profit
2024-02-27 03:47:00,OPEN,LONG,56288.1,0.6680000786994069,-15.040182091936003,46985.52885520817,entry
2024-02-27 03:53:00,ADD,LONG,55876.1,2.0040002360982205,-44.79028703689983,46940.73856817127,adx=51.27805693662533
2024-02-27 09:39:00,CLOSE,LONG,56655.0,2.6720003147976277,1685.6216725089616,48626.36024068023,Take Profit
2024-02-27 10:36:00,OPEN,LONG,56502.0,0.6884904639224132,-15.56043527701695,48610.799805403214,entry
2024-02-27 12:33:00,CLOSE,LONG,57318.9,0.6884904639224132,531.0820182801908,49141.881823683405,Take Profit
2024-02-27 12:58:00,OPEN,LONG,56825.1,0.6918334584355632,-15.72540218357608,49126.15642149983,entry
2024-02-27 16:09:00,ADD,LONG,56345.0,0.6918334584355632,-15.592542486221646,49110.56387901361,adx=24.79121666476546
2024-02-27 19:34:00,CLOSE,LONG,57277.7,1.3836669168711264,895.3776418751877,50005.941520888795,Take Profit
2024-02-27 20:04:00,OPEN,LONG,57151.3,0.699979759283009,-16.001901286683278,49989.93961960211,entry
2024-02-27 20:41:00,ADD,LONG,56850.1,0.699979759283009,-15.917567725286062,49974.022051876826,adx=30.396423550766745
2024-02-28 07:35:00,CLOSE,LONG,57715.7,1.399959518566018,936.7317293284432,50910.75378120527,Take Profit
2024-02-28 09:20:00,OPEN,LONG,58925.6,0.6911869039087293,-16.29144120998535,50894.46233999528,entry
2024-02-28 13:06:00,CLOSE,LONG,59929.4,0.6911869039087293,660.9530063579587,51555.41534635324,Take Profit
2024-02-28 14:26:00,OPEN,LONG,60145.4,0.6857437522584037,-16.497732910829654,51538.91761344241,entry
2024-02-28 14:56:00,CLOSE,LONG,60908.3,0.6857437522584037,489.9491812128326,52028.866794655245,Take Profit
2024-02-28 17:25:00,OPEN,LONG,61810.6,0.6733973369571595,-16.649237374287623,52012.21755728096,entry
2024-02-28 17:31:00,ADD,LONG,59967.0,0.6733973369571595,-16.152647242124658,51996.06491003883,adx=38.172496507339126
2024-02-28 17:56:00,CLOSE,LONG,61668.5,1.346794673914319,984.0719996952612,52980.136909734094,Take Profit
2024-02-28 18:23:00,OPEN,LONG,59481.7,0.7125571314839233,-16.953643811117217,52963.18326592298,entry
2024-02-28 18:29:00,CLOSE,LONG,60332.5,0.7125571314839233,572.093822401308,53535.277088324285,Take Profit
2024-02-28 20:06:00,OPEN,LONG,60638.0,0.7062934409225144,-17.13128866826446,53518.14579965602,entry
2024-02-28 21:09:00,ADD,LONG,59897.8,0.7062934409225144,-16.922169306271826,53501.22363034975,adx=29.875286132991025
2024-02-28 22:08:00,CLOSE,LONG,61031.4,1.412586881845029,1009.971764305883,54511.19539465563,Take Profit
2024-02-29 00:03:00,OPEN,LONG,62169.5,0.7014525823068306,-17.44358252629172,54493.75181212934,entry
2024-02-29 00:14:00,ADD,LONG,61803.3,1.4029051646136614,-34.68166750406817,54459.07014462527,adx=44.90370274212866
2024-02-29 02:21:00,ADD,LONG,61175.2,0.7014525823068305,-17.16460080525576,54441.905543820016,adx=38.61912942194336
2024-02-29 04:46:00,CLOSE,LONG,62551.4,2.8058103292273224,2143.2443420744457,56585.14988589446,Take Profit
2024-02-29 05:19:00,OPEN,LONG,61905.6,0.7312443447558148,-18.1072479634895,56567.04263793097,entry
2024-02-29 05:57:00,CLOSE,LONG,62711.8,0.7312443447558148,553.0788831388709,57120.12152106984,Take Profit
2024-02-29 08:24:00,OPEN,LONG,62824.5,0.7273610966558568,-18.27843888674397,57101.8430821831,entry
2024-02-29 10:08:00,ADD,LONG,62502.2,0.7273610966558568,-18.184667494162568,57083.658414688936,adx=36.71950818200327
2024-02-29 11:36:00,CLOSE,LONG,63428.0,1.4547221933117136,1038.9821710239485,58122.640585712885,Take Profit
2024-02-29 12:05:00,OPEN,LONG,62636.8,0.7423449548599276,-18.599244987424754,58104.04134072546,entry
2024-02-29 14:32:00,CLOSE,LONG,63449.9,0.7423449548599276,566.1607525486324,58670.20209327409,Take Profit
2024-02-29 15:56:00,OPEN,LONG,62793.6,0.747467284478343,-18.774464669848385,58651.427628604244,entry
2024-02-29 16:19:00,ADD,LONG,62462.3,0.747467284478343,-18.675410305309924,58632.752218298934,adx=20.559446161911804
2024-02-29 16:40:00,ADD,LONG,61791.3,0.747467284478343,-18.474790086154826,58614.27742821278,adx=29.61349551299272
2024-02-29 17:41:00,ADD,LONG,60989.6,0.747467284478343,-18.235092277369404,58596.04233593541,adx=37.77455393355105
2024-03-01 20:54:00,CLOSE,LONG,62827.2,2.989869137913372,2296.4151549538583,60892.45749088927,Take Profit
2024-03-02 01:11:00,OPEN,LONG,62134.3,0.7840108602287531,-19.4855863970879,60872.97190449218,entry
2024-03-02 09:31:00,ADD,LONG,61769.0,0.7840108602287531,-19.371026730186713,60853.60087776199,adx=30.52354337666498
2024-03-03 07:28:00,ADD,LONG,61444.1,0.7840108602287532,-19.269136678791256,60834.3317410832,adx=37.42401241393352
2024-03-03 12:25:00,CLOSE,LONG,62579.1,2.3520325806862594,1756.7065722266343,62591.03831330984,Take Profit
2024-03-03 13:19:00,OPEN,LONG,62073.5,0.8066700065349605,-20.02913226025703,62571.00918104958,entry
2024-03-03 16:49:00,CLOSE,LONG,62856.5,0.8066700065349605,591.3117015503085,63162.32088259989,Take Profit
2024-03-03 20:07:00,OPEN,LONG,62640.0,0.8066707647841622,-20.211942682428344,63142.10893991746,entry
2024-03-04 00:15:00,CLOSE,LONG,63402.7,0.8066707647841622,574.5778078190924,63716.68674773655,Take Profit
2024-03-04 00:49:00,OPEN,LONG,62492.7,0.8156688604939337,-20.38933975927648,63696.297407977276,entry
2024-03-04 00:51:00,CLOSE,LONG,63391.9,0.8156688604939337,692.3773800618583,64388.674788039134,Take Profit
2024-03-04 02:10:00,OPEN,LONG,63172.0,0.8154077729125453,-20.604375932169205,64368.070412106965,entry
2024-03-04 02:39:00,CLOSE,LONG,63960.0,0.8154077729125453,601.0755566607186,64969.14596876768,Take Profit
2024-03-04 03:39:00,OPEN,LONG,63512.2,0.818351698965146,-20.79012671000237,64948.35584205768,entry
2024-03-04 07:47:00,CLOSE,LONG,64375.2,0.818351698965146,664.3747677804276,65612.73060983811,Take Profit
2024-03-04 09:05:00,OPEN,LONG,64861.6,0.8092644104966651,-20.996073795147822,65591.73453604296,entry
2024-03-04 09:33:00,CLOSE,LONG,65667.9,0.8092644104966651,610.2567426354944,66201.99127867846,Take Profit
2024-03-04 10:06:00,OPEN,LONG,64996.2,0.8148413756949294,-21.184637209182256,66180.80664146927,entry
2024-03-04 14:35:00,CLOSE,LONG,65824.3,0.8148413756949294,632.1309607373405,66812.93760220661,Take Profit
2024-03-04 18:12:00,OPEN,LONG,66461.0,0.8042363202745263,-21.38014003270655,66791.5574621739,entry
2024-03-04 19:38:00,CLOSE,LONG,67292.1,0.8042363202745263,625.3731653924333,67416.93062756634,Take Profit
2024-03-04 23:27:00,OPEN,LONG,67810.6,0.7953556597648903,-21.573417800827883,67395.35720976551,entry
2024-03-05 01:49:00,CLOSE,LONG,68697.4,0.7953556597648903,661.8924349182198,68057.24964468373,Take Profit
2024-03-05 02:12:00,OPEN,LONG,68136.3,0.7990718562021564,-21.778319886303507,68035.47132479743,entry
2024-03-05 03:12:00,ADD,LONG,67669.4,2.397215568606469,-64.88725567930669,67970.58406911812,adx=58.65077150578343
2024-03-05 04:51:00,ADD,LONG,67300.0,0.7990718562021564,-21.511014368967153,67949.07305474915,adx=59.56229912308515
2024-03-05 08:09:00,PARTIAL_CLOSE,LONG,65631.8,3.1962874248086255,-6658.994100376818,61290.07895437234,Stop Loss
2024-03-05 08:09:00,ADD,LONG,65631.8,2.397215568606469,-62.93342910226784,61227.14552527007,adx=50.06740590414006
2024-03-05 08:59:00,CLOSE,LONG,66962.1,3.1962874248086255,2351.5283795251453,63578.673904795214,Take Profit
2024-03-05 09:31:00,OPEN,LONG,66699.2,0.7625719517450911,-20.345175649534212,63558.32872914568,entry
2024-03-05 09:49:00,ADD,LONG,66278.8,2.287715855235273,-60.65082465038722,63497.67790449529,adx=71.32034870496385
2024-03-05 10:32:00,CLOSE,LONG,67222.8,3.0502878069803643,2395.8708860994593,65893.54879059475,Take Profit
2024-03-05 15:05:00,OPEN,LONG,67617.1,0.7796081025728078,-21.085935612994945,65872.46285498176,entry
2024-03-05 15:16:00,CLOSE,LONG,68432.4,0.7796081025728078,593.1883690072136,66465.65122398897,Take Profit
2024-03-05 15:30:00,OPEN,LONG,66987.2,0.7937713619794704,-21.26900839168229,66444.38221559729,entry
2024-03-05 16:07:00,ADD,LONG,65803.5,2.381314085938411,-62.67952058161609,66381.70269501567,adx=56.82912734140183
2024-03-05 17:09:00,PARTIAL_CLOSE,LONG,63996.1,2.5400683583343056,-5407.611067260237,60974.091627755435,Stop Loss
2024-03-05 17:09:00,ADD,LONG,63996.1,0.7937713619794704,-20.319308583348175,60953.77231917209,adx=28.766148809514714
2024-03-05 19:09:00,ADD,LONG,63635.7,0.7937713619794704,-20.204878503805958,60933.56744066828,adx=39.18500259346242
2024-03-05 19:17:00,ADD,LONG,62889.3,1.7462969963548352,-43.929358277142455,60889.63808239114,adx=50.61576105263885
2024-03-06 04:56:00,CLOSE,LONG,64557.6,3.968856809897352,2840.8524707380493,63730.49055312919,Take Profit
2024-03-06 08:42:00,OPEN,LONG,66952.6,0.7614998139355805,-20.393756976998702,63710.09679615219,entry
2024-03-06 09:58:00,ADD,LONG,66159.8,0.7614998139355805,-20.152270156002487,63689.94452599619,adx=37.72381274721332
2024-03-06 11:59:00,CLOSE,LONG,67383.9,1.522999627871161,1178.9905030061418,64868.93502900233,Take Profit
2024-03-06 12:40:00,OPEN,LONG,66326.8,0.7824159769987676,-20.758059209278144,64848.17696979305,entry
2024-03-06 12:46:00,ADD,LONG,65229.5,2.347247930996303,-61.24392356596945,64786.93304622708,adx=51.82180761811708
2024-03-06 12:52:00,CLOSE,LONG,66301.8,3.1296639079950705,2332.390634009098,67119.32368023618,Take Profit
2024-03-06 14:44:00,OPEN,LONG,66425.9,0.8083512446830069,-21.478183577681193,67097.8454966585,entry
2024-03-06 15:07:00,ADD,LONG,65540.6,1.616702489366014,-42.383860469810315,67055.46163618869,adx=49.39363681067052
2024-03-06 15:34:00,CLOSE,LONG,66690.3,2.425053734049021,1943.8978526548744,68999.35948884356,Take Profit
2024-03-06 20:37:00,OPEN,LONG,66834.1,0.8259180207569916,-22.079795036435826,68977.27969380713,entry
2024-03-06 22:05:00,ADD,LONG,66295.6,0.8259180207569916,-21.901892294758,68955.37780151237,adx=28.219545319582096
2024-03-06 23:03:00,ADD,LONG,65763.4,2.4777540622709746,-65.17821259949415,68890.19958891287,adx=56.342233931402134
2024-03-07 08:11:00,CLOSE,LONG,66915.6,4.129590103784958,3214.5562223594607,72104.75581127233,Take Profit
2024-03-07 10:35:00,OPEN,LONG,66758.3,0.8640694063362588,-23.073521859609173,72081.68228941273,entry
2024-03-07 14:34:00,CLOSE,LONG,67625.0,0.8640694063362588,702.4423551706277,72784.12464458335,Take Profit
2024-03-07 17:55:00,OPEN,LONG,67509.0,0.8625116608995347,-23.29091988626169,72760.83372469709,entry
2024-03-07 21:07:00,ADD,LONG,67128.3,2.587534982698604,-69.47872983163688,72691.35499486545,adx=66.36314878992465
2024-03-08 14:11:00,CLOSE,LONG,68089.8,3.4500466435981387,2802.1268144159403,75493.4818092814,Take Profit
2024-03-08 16:02:00,OPEN,LONG,66889.5,0.9029038256740614,-24.157914178969804,75469.32389510243,entry
2024-03-08 16:46:00,CLOSE,LONG,67753.5,0.9029038256740614,731.4810334622889,76200.80492856471,Take Profit
2024-03-08 21:20:00,OPEN,LONG,68819.5,0.885804807399818,-24.384257577141398,76176.42067098757,entry
2024-03-08 21:52:00,ADD,LONG,68447.4,0.885804807399818,-24.252414389600744,76152.16825659797,adx=20.918201810922557
2024-03-09 10:21:00,ADD,LONG,68092.4,0.8858048073998182,-24.126630106955417,76128.04162649102,adx=23.586742666211723
2024-03-10 01:21:00,CLOSE,LONG,69296.6,2.6574144221994542,2095.1058493518212,78223.14747584284,Take Profit
2024-03-10 01:42:00,OPEN,LONG,68716.7,0.9106740862217522,-25.031407192276674,78198.11606865056,entry
2024-03-10 04:10:00,CLOSE,LONG,69550.0,0.9106740862217522,708.4983557776286,78906.61442442819,Take Profit
2024-03-10 05:39:00,OPEN,LONG,69356.9,0.9101515716466935,-25.250116615818115,78881.36430781237,entry
2024-03-10 14:40:00,ADD,LONG,68967.2,2.7304547149400804,-75.32472656648315,78806.03958124589,adx=50.0658670568561
2024-03-10 22:55:00,ADD,LONG,68347.9,0.9101515716466935,-24.882779441497405,78781.15680180439,adx=23.925689011125343
2024-03-11 07:04:00,CLOSE,LONG,69889.0,4.550757858233467,4151.18260556426,82932.33940736865,Take Profit
2024-03-11 10:42:00,OPEN,LONG,71702.8,0.9252898286523668,-26.53834861035284,82905.8010587583,entry
2024-03-11 15:34:00,CLOSE,LONG,72579.6,0.9252898286523668,757.892906892972,83663.69396565127,Take Profit
2024-03-11 17:09:00,OPEN,LONG,72338.7,0.9252440971778733,-26.772382069015293,83636.92158358225,entry
2024-03-12 03:21:00,ADD,LONG,71812.5,0.9252440971778733,-26.577636691436055,83610.34394689082,adx=39.91070142375486
2024-03-12 14:06:00,CLOSE,LONG,72975.3,1.8504881943557465,1557.5182372496201,85167.86218414044,Take Profit
2024-03-12 15:00:00,OPEN,LONG,71181.4,0.9571923247830523,-27.25371589892893,85140.60846824151,entry
2024-03-12 15:13:00,CLOSE,LONG,72036.1,0.9571923247830523,763.277603282244,85903.88607152375,Take Profit
2024-03-12 15:58:00,OPEN,LONG,71732.8,0.9580430271398719,-27.489243542891927,85876.39682798086,entry
2024-03-12 16:20:00,ADD,LONG,70952.8,2.874129081419616,-81.57100235525286,85794.82582562561,adx=59.12916425840992
2024-03-12 17:22:00,ADD,LONG,69019.5,0.9580430271398717,-26.44946028466802,85768.37636534094,adx=56.7673632839617
2024-03-12 19:09:00,CLOSE,LONG,71724.1,4.790215135699359,4526.664703416769,90295.04106875771,Take Profit
2024-03-12 19:54:00,OPEN,LONG,71385.4,1.0119160620379821,-28.894413141999394,90266.14665561571,entry
2024-03-12 20:27:00,ADD,LONG,70971.5,1.0119160620379821,-28.72688031877624,90237.41977529693,adx=19.17444972575309
2024-03-13 01:30:00,CLOSE,LONG,72054.9,2.0238321240759642,1657.8355631587328,91895.25533845567,Take Profit
2024-03-13 03:33:00,OPEN,LONG,71987.2,1.0212399464177595,-29.40648170831264,91865.84885674735,entry
2024-03-13 07:06:00,CLOSE,LONG,72859.3,1.0212399464177595,831.4541445114155,92697.30300125877,Take Profit
2024-03-13 11:29:00,OPEN,LONG,73318.2,1.0114520323876885,-29.663136960400152,92667.63986429837,entry
2024-03-13 12:34:00,ADD,LONG,72932.0,2.0229040647753775,-59.013775700877886,92608.62608859749,adx=48.80546067401607
2024-03-14 13:23:00,ADD,LONG,72438.2,2.0229040647753767,-58.61421169000096,92550.01187690749,adx=53.43486859635467
2024-03-14 16:14:00,PARTIAL_CLOSE,LONG,70569.7,4.045808129550754,-9184.987328999385,83365.0245479081,Stop Loss
2024-03-14 16:15:00,ADD,LONG,70314.8,1.0114520323876883,-28.44801894677221,83336.57652896133,adx=34.467332953832525
2024-03-14 18:51:00,ADD,LONG,69902.5,1.0114520323876883,-28.281210277593345,83308.29531868374,adx=34.89128206576343
2024-03-15 00:23:00,CLOSE,LONG,71873.4,3.034356097163065,2329.598127901103,85637.89344658484,Take Profit
2024-03-15 02:14:00,OPEN,LONG,71573.9,0.9571968938016217,-27.404125902903615,85610.48932068194,entry
2024-03-15 02:23:00,ADD,LONG,71127.9,2.871590681404865,-81.70008593115199,85528.78923475079,adx=59.14116898212751
2024-03-15 02:37:00,ADD,LONG,70101.1,0.9571968938016213,-26.840222068829462,85501.94901268196,adx=97.03181259783807
2024-03-15 02:52:00,ADD,LONG,68364.9,2.871590681404865,-78.52640391007299,75184.53263133221,adx=89.30956245026682
2024-03-15 02:52:00,PARTIAL_CLOSE,LONG,68364.9,3.8287875752064866,-10238.88997743967,75263.05903524229,Stop Loss
2024-03-15 03:23:00,ADD,LONG,67692.0,0.9571968938016218,-25.91782885408611,75158.61480247813,adx=18.940428610227148
2024-03-15 18:48:00,CLOSE,LONG,69727.2,4.785984469008108,4256.623420404954,79415.23822288308,Take Profit
2024-03-15 19:21:00,OPEN,LONG,69935.9,0.9084345890780912,-25.412876231319387,79389.82534665176,entry
2024-03-15 19:47:00,ADD,LONG,69091.0,0.9084345890780912,-25.105861677599023,79364.71948497416,adx=33.83977228231739
2024-03-15 20:09:00,ADD,LONG,67839.3,1.8168691781561823,-49.30205329507589,79315.41743167909,adx=42.73356244677779
2024-03-15 23:34:00,CLOSE,LONG,69596.8,3.6337383563123646,3143.6042107501853,82459.02164242927,Take Profit
2024-03-16 01:35:00,OPEN,LONG,69206.0,0.9532008397240619,-26.386886925582075,82432.63475550369,entry
2024-03-16 10:21:00,ADD,LONG,68484.9,2.859602519172186,-78.33583702609758,82354.2989184776,adx=58.784506382800714
2024-03-16 11:28:00,ADD,LONG,67914.0,0.9532008397240617,-25.89427273160254,82328.40464574599,adx=50.58750740649638
2024-03-16 21:20:00,PARTIAL_CLOSE,LONG,66235.9,3.8128033588962476,-8790.549151858737,73537.85549388725,Stop Loss
2024-03-16 21:20:00,ADD,LONG,66235.9,2.859602519172186,-75.7633385998488,73462.0921552874,adx=51.66566587234604
2024-03-16 23:10:00,ADD,LONG,65753.9,0.9532008397240617,-25.070669078049832,73437.02148620936,adx=64.35854657080178
2024-03-17 11:12:00,CLOSE,LONG,67459.2,4.766004198620309,3757.25756261911,77194.27904882847,Take Profit
2024-03-17 11:27:00,OPEN,LONG,67059.9,0.9208994233373862,-24.70216929561866,77169.57687953285,entry
2024-03-17 12:47:00,ADD,LONG,66616.1,0.9208994233373862,-24.538691229987307,77145.03818830286,adx=26.148016039641032
2024-03-17 14:59:00,CLOSE,LONG,67652.6,1.8417988466747723,1401.2474877138447,78546.2856760167,Take Profit
2024-03-17 18:22:00,OPEN,LONG,68280.4,0.920279150983494,-25.134811416326556,78521.15086460038,entry
2024-03-18 00:35:00,ADD,LONG,67646.3,0.920279150983494,-24.901391812469228,78496.24947278791,adx=36.280706463756246
2024-03-18 01:01:00,ADD,LONG,67194.7,1.840558301966988,-49.470305173279485,78446.77916761463,adx=45.07780306945178
2024-03-18 04:37:00,CLOSE,LONG,68434.0,3.681116603933976,2946.9907465769647,81393.7699141916,Take Profit
2024-03-18 08:23:00,OPEN,LONG,67785.8,0.9605996526020683,-26.04600637254771,81367.72390781905,entry
2024-03-18 12:53:00,CLOSE,LONG,68612.0,0.9605996526020683,741.2379612615478,82108.9618690806,Take Profit
2024-03-18 13:20:00,OPEN,LONG,68043.1,0.9653759087293858,-26.274867798099876,82082.6870012825,entry
2024-03-18 13:44:00,ADD,LONG,67682.1,0.9653759087293858,-26.13546751688409,82056.55153376561,adx=33.80065483729695
2024-03-18 14:31:00,ADD,LONG,67098.2,0.9653759087293858,-25.90999431964883,82030.64153944596,adx=25.319791325397997
2024-03-18 17:08:00,ADD,LONG,66614.1,1.9307518174587717,-51.44611785735469,81979.1954215886,adx=86.39831191094838
2024-03-18 23:18:00,CLOSE,LONG,68033.3,4.826879543646929,3711.303461715899,85690.4988833045,Take Profit
2024-03-18 23:57:00,OPEN,LONG,67655.3,1.0132598496591338,-27.420959642651724,85663.07792366185,entry
2024-03-19 00:50:00,ADD,LONG,67272.1,3.0397795489774015,-81.79694151871081,85581.28098214314,adx=54.61943687447423
2024-03-19 01:09:00,ADD,LONG,66716.6,1.0132598496591338,-27.04050083430775,85554.24048130884,adx=37.10880928443369
2024-03-19 03:38:00,PARTIAL_CLOSE,LONG,65180.2,4.053039398636535,-8444.556547775166,77109.68393353367,Stop Loss
2024-03-19 03:39:00,ADD,LONG,65042.1,2.0265196993182677,-52.723638774012215,77056.96029475966,adx=43.36797791971445
2024-03-19 07:03:00,ADD,LONG,64405.4,1.0132598496591338,-26.103762368496973,77030.85653239116,adx=16.201837570984267
2024-03-19 08:19:00,ADD,LONG,63997.0,1.0132598496591338,-25.938236239453545,77004.9182961517,adx=43.79665742536491
2024-03-20 19:49:00,CLOSE,LONG,65978.6,5.066299248295669,3849.3061588538985,80854.2244550056,Take Profit
2024-03-21 00:07:00,OPEN,LONG,67680.1,0.9557222812023695,-25.873351825604914,80828.35110318,entry
2024-03-21 03:28:00,ADD,LONG,67220.5,1.9114445624047387,-51.395303682846134,80776.95579949715,adx=49.3998602206346
2024-03-21 03:45:00,ADD,LONG,66838.4,0.9557222812023696,-25.55157924797095,80751.40422024918,adx=29.37106349797428
2024-03-21 05:10:00,ADD,LONG,66473.7,0.9557222812023691,-25.41215848158754,80725.9920617676,adx=31.594224831596815
2024-03-21 18:44:00,PARTIAL_CLOSE,LONG,64973.2,3.822889124809478,-8178.800927810982,72547.19113395661,Stop Loss
2024-03-21 20:02:00,ADD,LONG,64928.1,0.9557222812023696,-24.821292738459306,72522.36984121815,adx=19.702833966769617
2024-03-22 11:50:00,ADD,LONG,64280.9,1.9114445624047387,-49.147750708594685,72473.22209050956,adx=42.87864720709249
2024-03-22 13:36:00,ADD,LONG,63709.3,0.9557222812023696,-24.35535901192634,72448.86673149763,adx=25.667763151431615
2024-03-23 16:42:00,CLOSE,LONG,65707.6,4.778611406011847,3711.7308248118643,76160.5975563095,Take Profit
2024-03-23 18:39:00,OPEN,LONG,65418.0,0.931371763811911,-24.371391218024655,76136.22616509147,entry
2024-03-23 19:32:00,ADD,LONG,65083.4,1.862743527623822,-48.49347284229589,76087.73269224918,adx=48.803246909977496
2024-03-23 20:10:00,ADD,LONG,64737.6,0.931371763811911,-24.117909078777302,76063.6147831704,adx=24.324037407245417
2024-03-23 23:56:00,ADD,LONG,64029.3,0.931371763811911,-23.854032830655342,76039.76075033974,adx=39.43468581991816
2024-03-24 12:07:00,CLOSE,LONG,65676.0,4.656858819059555,3508.670526273563,79548.43127661331,Take Profit
2024-03-24 13:28:00,OPEN,LONG,65468.7,0.9720483990256512,-25.455498008523136,79522.97577860478,entry
2024-03-24 17:03:00,ADD,LONG,65116.8,2.9161451970769536,-75.9560174276121,79447.01976117717,adx=56.45238717376444
2024-03-24 18:34:00,CLOSE,LONG,66073.3,3.888193596102605,3172.819514845556,82619.83927602273,Take Profit
2024-03-25 00:03:00,OPEN,LONG,66944.0,0.9873307752870786,-26.43834856832109,82593.40092745441,entry
2024-03-25 05:33:00,CLOSE,LONG,67766.0,0.9873307752870786,758.3845657904167,83351.78549324482,Take Profit
2024-03-25 05:49:00,OPEN,LONG,67349.4,0.990081996195896,-26.672571357834386,83325.11292188699,entry
2024-03-25 07:46:00,ADD,LONG,66962.3,0.990081996195896,-26.519267061550636,83298.59365482544,adx=36.558819525637986
2024-03-25 13:58:00,CLOSE,LONG,68014.4,1.980163992391792,1593.006090910916,84891.59974573636,Take Profit
2024-03-25 18:32:00,OPEN,LONG,70430.9,0.9642540390168106,-27.1653119186376,84864.43443381772,entry
2024-03-25 21:18:00,ADD,LONG,69979.8,2.892762117050432,-80.97396575950552,84783.46046805821,adx=78.07185788017877
2024-03-26 07:17:00,CLOSE,LONG,71008.0,3.8570161560672425,3313.118135705663,88096.57860376388,Take Profit
2024-03-26 07:52:00,OPEN,LONG,70819.9,0.9951618525726682,-28.1909051531984,88068.38769861068,entry
2024-03-26 13:38:00,ADD,LONG,70333.4,1.9903237051453366,-55.9944933133811,88012.3932052973,adx=47.116663172612334
2024-03-26 14:29:00,ADD,LONG,69633.7,1.990323705145336,-55.43744151479041,87956.9557637825,adx=40.043411356498346
2024-03-27 13:06:00,CLOSE,LONG,71000.0,4.975809262863341,3944.4218867916206,91901.37765057413,Take Profit
2024-03-27 13:40:00,OPEN,LONG,70516.8,1.0426040620172683,-29.40844084818673,91871.96920972594,entry
2024-03-27 14:02:00,ADD,LONG,69478.5,1.0426040620172683,-28.97542652914126,91842.9937831968,adx=29.409077874859577
2024-03-27 14:12:00,ADD,LONG,68771.8,3.127812186051804,-86.04210963868536,91756.95167355811,adx=62.06881329487659
2024-03-27 14:38:00,CLOSE,LONG,70097.8,5.213020310086341,4065.7180732737324,95822.66974683185,Take Profit
2024-03-27 15:12:00,OPEN,LONG,69429.2,1.1041195318031245,-30.663254318991676,95792.00649251285,entry
2024-03-27 16:13:00,ADD,LONG,68587.1,1.1041195318031245,-30.291342695898493,95761.71514981696,adx=16.246246789638434
2024-03-28 00:19:00,CLOSE,LONG,69906.5,2.208239063606249,1861.0688601357833,97622.78400995274,Take Profit
2024-03-28 01:30:00,OPEN,LONG,69373.5,1.1257645528618594,-31.239290883182548,97591.54471906956,entry
2024-03-28 06:43:00,CLOSE,LONG,70401.5,1.1257645528618594,1094.344464191483,98685.88918326104,Take Profit
2024-03-28 09:57:00,OPEN,LONG,70577.5,1.118610199378114,-31.579484538640827,98654.3096987224,entry
2024-03-28 14:32:00,CLOSE,LONG,71437.9,1.118610199378114,898.9082655814127,99553.21796430381,Take Profit
2024-03-28 16:04:00,OPEN,LONG,71177.1,1.118935365046385,-31.85702974857122,99521.36093455524,entry
2024-03-28 18:46:00,ADD,LONG,70580.0,2.2378707300927703,-63.1795664519741,99458.18136810327,adx=41.38226009671953
2024-03-29 07:32:00,ADD,LONG,70179.9,1.1189353650463847,-31.410708810173674,99426.77065929309,adx=39.61724889668244
2024-03-29 09:34:00,ADD,LONG,69754.3,1.1189353650463847,-31.220221253621276,99395.55043803947,adx=40.8619702049041
2024-03-31 18:48:00,CLOSE,LONG,71321.4,5.594676825231924,4534.092462477944,103929.64290051741,Take Profit
2024-03-31 19:00:00,OPEN,LONG,70905.8,1.1725939813162525,-33.25748572817247,103896.38541478924,entry
2024-04-01 05:38:00,ADD,LONG,70267.8,3.5177819439487577,-98.8747192324081,103797.51069555683,adx=60.9876114980628
2024-04-01 05:47:00,ADD,LONG,69863.7,1.1725939813162523,-32.76870165299624,103764.74199390384,adx=79.82606852595822
2024-04-02 02:35:00,PARTIAL_CLOSE,LONG,68100.0,4.69037592526501,-10514.978556777613,93249.76343712622,Stop Loss
2024-04-02 02:36:00,ADD,LONG,67877.4,3.5177819439487577,-95.51115684887918,93154.25228027735,adx=90.12132165396427
2024-04-02 05:15:00,ADD,LONG,66520.6,1.1725939813162523,-31.20066207741911,93123.05161819993,adx=44.537456578569085
2024-04-02 16:00:00,HEDGE_OPEN,SHORT,65061.0,5.862969906581262,-152.5802740368381,92970.47134416309,trend_bearish_confirmed
2024-04-02 20:00:00,HEDGE_CLOSE,SHORT,65882.3,5.862969906581262,-5122.3438352225785,87848.12750894051,Hedge Close Trend Up
2024-04-04 18:00:00,CLOSE,LONG,69055.6,5.862969906581262,5187.342970987433,93035.47047992794,Take Profit
2024-04-04 18:55:00,OPEN,LONG,68610.2,1.0848004580068613,-29.771350553579396,93005.69912937436,entry
2024-04-04 20:05:00,ADD,LONG,68092.3,3.254401374020584,-88.63986987208773,92917.05925950228,adx=57.60900324815662
2024-04-04 20:16:00,ADD,LONG,67376.3,1.0848004580068613,-29.235936439523357,92887.82332306275,adx=84.04053095745023
2024-04-06 22:51:00,CLOSE,LONG,68940.0,5.424002290034307,4515.606267978103,97403.42959104085,Take Profit
2024-04-06 23:32:00,OPEN,LONG,69063.5,1.1282767840151844,-31.169097469130065,97372.26049357172,entry
2024-04-07 15:25:00,CLOSE,LONG,69909.1,1.1282767840151844,891.3510252855485,98263.61151885727,Take Profit
2024-04-07 15:36:00,OPEN,LONG,69458.0,1.1317758820450607,-31.444355686035124,98232.16716317124,entry
2024-04-07 16:38:00,CLOSE,LONG,70295.2,1.1317758820450607,884.2550479686761,99116.42221113991,Take Profit
2024-04-07 17:02:00,OPEN,LONG,69982.0,1.133050466818781,-31.717255107563687,99084.70495603235,entry
2024-04-07 18:33:00,ADD,LONG,69463.1,1.133050466818781,-31.482079152672668,99053.22287687968,adx=30.434932913619104
2024-04-07 19:52:00,ADD,LONG,69037.9,3.399151400456343,-93.86810978782887,98959.35476709185,adx=62.109649527715746
2024-04-08 07:30:00,CLOSE,LONG,70172.4,5.665252334093905,4559.657583610926,103519.01235070277,Take Profit
2024-04-08 12:28:00,OPEN,LONG,72420.0,1.1435405948710609,-33.12608395222924,103485.88626675055,entry
2024-04-08 14:06:00,ADD,LONG,71798.4,1.1435405948710609,-32.841754018721986,103453.04451273182,adx=21.722425116563752
2024-04-08 17:27:00,ADD,LONG,71401.4,1.143540594871061,-32.660159772247425,103420.38435295958,adx=33.8505538579476
2024-04-09 01:10:00,ADD,LONG,71015.9,1.1435405948710606,-32.48382581252372,103387.90052714705,adx=35.244587571189854
2024-04-09 07:21:00,ADD,LONG,70655.6,1.1435405948710606,-32.31901874198229,103355.58150840507,adx=39.3487183154344
2024-04-09 14:41:00,PARTIAL_CLOSE,LONG,69215.0,4.574162379484243,-10387.675759040198,92967.90574936487,Stop Loss
2024-04-09 14:41:00,ADD,LONG,69215.0,3.430621784613183,-94.98019472880696,92872.92555463607,adx=87.4491300682024
2024-04-09 15:11:00,ADD,LONG,68618.1,1.1435405948710606,-31.387033157167025,92841.5385214789,adx=22.836117403855305
2024-04-10 22:04:00,CLOSE,LONG,70436.5,5.717702974355304,4650.602624998151,97492.14114647705,Take Profit
2024-04-10 22:52:00,OPEN,LONG,70663.2,1.1037387624277084,-31.197485166878323,97460.94366131017,entry
2024-04-11 11:40:00,ADD,LONG,70231.7,3.3112162872831252,-93.02093956944009,97367.92272174073,adx=57.32555858411507
2024-04-11 13:43:00,ADD,LONG,69782.9,1.1037387624277084,-30.808836673852056,97337.11388506688,adx=45.09988054615574
2024-04-12 04:45:00,CLOSE,LONG,71119.0,5.518693812138542,4603.81084460023,101940.92472966711,Take Profit
2024-04-12 05:11:00,OPEN,LONG,71016.2,1.148368115778283,-32.621095913491445,101908.30363375362,entry
2024-04-12 12:38:00,ADD,LONG,70605.1,1.148368115778283,-32.43225826053822,101875.87137549308,adx=29.43072981258638
2024-04-12 13:09:00,ADD,LONG,70129.4,2.296736231556566,-64.4274935509311,101811.44388194215,adx=43.97081342621605
2024-04-12 13:45:00,ADD,LONG,69692.7,1.1483681157782826,-32.01314983300108,101779.43073210915,adx=27.226011799014803
2024-04-12 17:25:00,PARTIAL_CLOSE,LONG,68122.6,4.593472463113132,-10193.875615131692,91585.55511697746,Stop Loss
2024-04-12 18:35:00,ADD,LONG,65575.0,4.593472463113132,-120.48678270746314,91465.06833426999,adx=20
2024-04-12 20:15:00,CLOSE,LONG,67336.0,5.741840578891415,4231.987861456175,95697.05619572617,Take Profit
2024-04-13 13:33:00,OPEN,LONG,67489.6,1.134362108481617,-30.623057982636965,95666.43313774353,entry
2024-04-13 19:53:00,PARTIAL_CLOSE,LONG,65200.0,0.9074896867852935,-2101.4557178949763,93564.97741984855,Stop Loss
2024-04-13 20:00:00,HEDGE_OPEN,SHORT,64818.4,5.6718105424080845,-147.0550737848098,93417.92234606374,trend_bearish_confirmed
2024-04-13 20:07:00,ADD,LONG,62074.7,0.9074896867852935,-22.532860024119145,93395.38948603962,adx=20
2024-04-13 22:39:00,CLOSE,LONG,63932.0,1.134362108481617,796.1945345049462,94191.58402054457,Take Profit
2024-04-22 16:41:00,OPEN,LONG,65934.0,1.1428590289749698,-30.141306886580423,94161.44271365799,entry
2024-04-22 17:30:00,CLOSE,LONG,66750.3,1.1428590289749698,872.260045248986,95033.70275890698,Take Profit
2024-04-22 17:59:00,OPEN,LONG,66507.2,1.1431388211671156,-30.410784882857115,95003.29197402412,entry
2024-04-22 19:20:00,ADD,LONG,66121.9,1.1431388211671156,-30.234604327735724,94973.05736969638,adx=31.77722491188084
2024-04-22 20:00:00,HEDGE_CLOSE,SHORT,66463.0,5.6718105424080845,-9625.700909461157,85347.35646023523,Hedge Close Trend Up
2024-04-22 22:54:00,CLOSE,LONG,67128.5,2.2862776423342313,1738.880542281986,87086.23700251721,Take Profit
2024-04-22 23:32:00,OPEN,LONG,66914.0,1.0411720955556951,-27.867595840798458,87058.36940667641,entry
2024-04-23 03:59:00,ADD,LONG,66410.1,3.123516286667085,-82.97321157967963,86975.39619509674,adx=75.00831112097057
2024-04-23 07:36:00,ADD,LONG,66045.2,1.0411720955556953,-27.505767714159447,86947.89042738258,adx=41.33863481711957
2024-04-24 16:00:00,HEDGE_OPEN,SHORT,64695.4,5.205860477778476,-134.71809038163337,86813.17233700094,trend_bearish_confirmed
2024-04-24 16:27:00,PARTIAL_CLOSE,LONG,64356.7,4.1646883822227805,-8774.759701405317,78038.41263559563,Stop Loss
2024-04-29 03:58:00,ADD,LONG,62401.3,4.1646883822227805,-103.95278765824332,77934.45984793738,adx=20
2024-04-29 23:02:00,CLOSE,LONG,63967.6,5.205860477778476,3575.642062352039,81510.10191028942,Take Profit
2024-05-05 16:00:00,HEDGE_CLOSE,SHORT,64402.1,5.205860477778476,1258.0534489204438,82768.15535920986,Hedge Close Trend Up
2024-05-06 16:00:00,HEDGE_OPEN,SHORT,63537.2,5.205860477778476,-132.30631933947734,82635.84903987039,trend_bearish_confirmed
2024-05-15 16:00:00,HEDGE_CLOSE,SHORT,64748.2,5.205860477778476,-6571.431396084139,76064.41764378625,Hedge Close Trend Up
2024-05-16 00:30:00,OPEN,LONG,66117.4,0.9203558233540492,-24.340613646010752,76040.07703014024,entry
2024-05-16 05:30:00,ADD,LONG,65730.4,0.9203558233540492,-24.198142564549926,76015.87888757569,adx=34.35017971771107
2024-05-16 17:22:00,ADD,LONG,64986.5,0.9203558233540492,-23.924281485757092,75991.95460608993,adx=30.56616337367856
2024-05-17 07:20:00,CLOSE,LONG,66413.2,2.7610674700621476,2067.920293776071,78059.874899866,Take Profit
2024-05-17 13:36:00,OPEN,LONG,65978.3,0.9464914967480642,-24.979159967959276,78034.89573989804,entry
2024-05-17 14:59:00,CLOSE,LONG,66778.0,0.9464914967480642,706.6481663135346,78741.54390621158,Take Profit
2024-05-17 17:01:00,OPEN,LONG,66788.6,0.9431734626114227,-25.19729404998361,78716.3466121616,entry
2024-05-17 18:03:00,ADD,LONG,66432.8,1.886346925222845,-50.12612320558401,78666.22048895601,adx=44.80169487575473
2024-05-19 10:32:00,CLOSE,LONG,67443.8,2.829520387834268,2373.4071339945076,81039.62762295052,Take Profit
2024-05-19 10:49:00,OPEN,LONG,67197.5,0.9647933643120714,-25.93268083933799,81013.69494211118,entry
2024-05-19 15:42:00,ADD,LONG,66799.9,0.9647933643120714,-25.779240102681797,80987.9157020085,adx=34.7946617981331
2024-05-19 19:05:00,ADD,LONG,66356.7,0.9647933643120714,-25.60820153505483,80962.30750047344,adx=36.03842065257922
2024-05-19 19:50:00,ADD,LONG,65929.5,1.9295867286241428,-50.88667528993392,80911.42082518351,adx=40.320993295475645
2024-05-20 05:11:00,CLOSE,LONG,67248.9,4.823966821560357,3631.498586166097,84542.9194113496,Take Profit
2024-05-20 06:10:00,OPEN,LONG,66962.0,1.010040553285142,-27.05373421162949,84515.86567713798,entry
2024-05-20 06:53:00,ADD,LONG,66600.1,3.0301216598554257,-80.72256222341093,84435.14311491456,adx=55.02571838996158
2024-05-20 16:01:00,CLOSE,LONG,67634.6,4.040162213140568,3596.9359347366553,88032.07904965122,Take Profit
2024-05-20 21:08:00,OPEN,LONG,69111.9,1.0190092189582545,-28.170265295892023,88003.90878435533,entry
2024-05-20 23:13:00,CLOSE,LONG,70006.4,1.0190092189582545,854.7986142678419,88858.70739862317,Take Profit
2024-05-21 01:23:00,OPEN,LONG,70813.3,1.0038646118582037,-28.43478636756481,88830.2726122556,entry
2024-05-21 14:28:00,ADD,LONG,70425.2,1.0038646118582037,-28.27894642521278,88801.99366583039,adx=30.177736228575522
2024-05-21 15:50:00,ADD,LONG,69910.1,3.011593835574611,-84.21633048176591,88717.77733534863,adx=56.186366844048514
2024-05-23 13:50:00,PARTIAL_CLOSE,LONG,67963.6,4.015458447432815,-9064.276815821955,79653.50051952667,Stop Loss
2024-05-23 16:53:00,ADD,LONG,67840.5,2.0077292237164075,-54.48214176061447,79599.01837776606,adx=44.903733039674385
2024-05-23 18:05:00,ADD,LONG,67329.7,2.0077292237164075,-54.07192252561799,79544.94645524044,adx=73.501379535223
2024-05-24 17:59:00,CLOSE,LONG,68927.8,5.019323059291018,3732.831127392812,83277.77758263325,Take Profit
2024-05-24 20:18:00,OPEN,LONG,68955.2,0.9661667585056183,-26.648888826443,83251.12869380681,entry
2024-05-24 23:47:00,ADD,LONG,68577.2,2.898500275516855,-79.50841323766508,83171.62028056914,adx=61.402715025491645
2024-05-25 11:07:00,CLOSE,LONG,69499.9,3.864667034022473,2987.1223465540825,86158.74262712323,Take Profit
2024-05-25 11:55:00,OPEN,LONG,69229.7,0.9956275139383616,-27.57079764068476,86131.17182948254,entry
2024-05-26 15:47:00,ADD,LONG,68800.0,0.9956275139383616,-27.399669183578226,86103.77216029896,adx=35.91913550414837
2024-05-26 21:32:00,ADD,LONG,68369.9,0.9956275139383617,-27.228381426088163,86076.54377887287,adx=26.795494851276885
2024-05-27 15:00:00,CLOSE,LONG,69786.5,2.986882541815085,2781.3813988540496,88857.92517772692,Take Profit
2024-05-27 17:21:00,OPEN,LONG,70240.5,1.012042057533496,-28.434536056869547,88829.49064167005,entry
2024-05-27 19:15:00,ADD,LONG,69882.8,1.012042057533496,-28.28973307927663,88801.20090859078,adx=29.264944182832483
2024-05-27 19:48:00,ADD,LONG,69444.3,2.024084115066992,-56.2244418047776,88744.976466786,adx=45.51779686418744
2024-05-28 01:45:00,ADD,LONG,69062.6,1.0120420575334963,-27.957702321044053,88717.01876446496,adx=32.91577200074581
2024-05-28 04:34:00,PARTIAL_CLOSE,LONG,67501.7,4.048168230133984,-8663.892398887197,80053.12636557776,Stop Loss
2024-05-29 16:03:00,ADD,LONG,67199.8,1.0120420575334963,-27.203609543139464,80025.92275603462,adx=29.00257226253083
2024-05-30 17:36:00,CLOSE,LONG,69292.7,2.0240841150669926,1567.8111471253942,81593.73390316001,Take Profit
2024-05-30 19:17:00,OPEN,LONG,69179.2,0.9435637752753432,-26.109994849015493,81567.623908311,entry
2024-05-30 19:37:00,ADD,LONG,68702.6,2.8306913258260296,-77.79034155268164,81489.83356675832,adx=70.47943875884108
2024-05-30 20:10:00,ADD,LONG,68080.3,0.9435637752753436,-25.69524195595295,81464.13832480236,adx=27.20118373943357
2024-06-03 12:30:00,CLOSE,LONG,69502.5,4.717818876376716,3650.504900331609,85114.64322513397,Take Profit
2024-06-03 14:32:00,OPEN,LONG,69384.3,0.9813706354334797,-27.236685832045623,85087.40653930193,entry
2024-06-03 14:48:00,ADD,LONG,69030.3,2.944111906300439,-81.29317125020316,85006.11336805172,adx=79.00875389032922
2024-06-04 14:07:00,CLOSE,LONG,69982.6,3.9254825417339188,3172.4157726574776,88178.5291407092,Take Profit
2024-06-04 17:36:00,OPEN,LONG,70420.6,1.0017356187332591,-28.21712932502851,88150.31201138417,entry
2024-06-05 01:35:00,CLOSE,LONG,71339.1,1.0017356187332591,863.2918694901164,89013.60388087429,Take Profit
2024-06-05 02:13:00,OPEN,LONG,70803.1,1.0057593961945088,-28.484353241874487,88985.11952763241,entry
2024-06-05 15:36:00,CLOSE,LONG,71727.6,1.0057593961945088,872.4839254733524,89857.60345310577,Take Profit
2024-06-05 16:47:00,OPEN,LONG,71417.0,1.0065682227268664,-28.754433104986674,89828.84902000078,entry
2024-06-05 18:46:00,ADD,LONG,71007.2,3.0197046681805992,-85.76830932578014,89743.080710675,adx=64.41283730938257
2024-06-06 19:53:00,ADD,LONG,70576.0,1.006568222726866,-28.41582355486753,89714.66488712013,adx=49.02412673066425
2024-06-07 12:01:00,CLOSE,LONG,71891.2,5.032841113634332,4182.906743605985,93897.57163072612,Take Profit
2024-06-07 12:24:00,OPEN,LONG,71727.8,1.0472655972242408,-30.047222921828507,93867.52440780429,entry
2024-06-07 12:33:00,ADD,LONG,71050.5,1.0472655972242408,-29.763497726235073,93837.76091007805,adx=30.208632439582196
2024-06-07 17:58:00,ADD,LONG,69933.8,1.0472655972242406,-29.295705129261478,93808.46520494879,adx=24.780103370856782
2024-06-07 18:13:00,ADD,LONG,68956.1,2.094531194448482,-57.77228099900822,93750.69292394978,adx=82.40392258243132
2024-06-11 02:18:00,PARTIAL_CLOSE,LONG,67962.0,4.189062388896963,-9174.234301679375,84576.45862227041,Stop Loss
2024-06-11 02:18:00,ADD,LONG,67962.0,1.047265597224241,-28.469705807423452,84547.98891646299,adx=29.72818797856604
2024-06-11 12:00:00,HEDGE_OPEN,SHORT,66916.1,5.236327986121204,-140.15785886083904,84407.83105760215,trend_bearish_confirmed
2024-06-12 14:23:00,CLOSE,LONG,69877.7,2.094531194448482,1513.5117180302623,85921.34277563241,Take Profit
2024-06-12 16:00:00,HEDGE_CLOSE,SHORT,69783.3,5.236327986121204,-15299.920759369095,70621.42201626331,Hedge Close Trend Up
2024-06-13 04:00:00,HEDGE_OPEN,SHORT,67475.7,5.236327986121204,-141.3299585172499,70480.09205774606,trend_bearish_confirmed
2024-07-15 04:00:00,HEDGE_CLOSE,SHORT,62635.9,5.236327986121204,25070.257382269774,95550.34944001584,Hedge Close Trend Up
2024-07-15 07:04:00,OPEN,LONG,62741.7,1.2183329357032513,-30.576111820802907,95519.77332819503,entry
2024-07-15 16:54:00,CLOSE,LONG,63548.9,1.2183329357032513,921.8927467197791,96441.66607491481,Take Profit
2024-07-15 17:37:00,OPEN,LONG,63300.0,1.2188520199041368,-30.861333143970114,96410.80474177084,entry
2024-07-15 22:12:00,CLOSE,LONG,64172.0,1.2188520199041368,1000.6911594839185,97411.49590125476,Take Profit
2024-07-16 02:14:00,OPEN,LONG,64571.4,1.2068686248246718,-31.171678688406246,97380.32422256636,entry
2024-07-16 05:23:00,ADD,LONG,64121.4,1.2068686248246718,-30.95444233593298,97349.36978023042,adx=38.319129171507925
2024-07-16 05:41:00,ADD,LONG,63652.1,2.4137372496493437,-61.455777915369254,97287.91400231505,adx=46.62775503921949
2024-07-16 06:45:00,ADD,LONG,63333.0,1.206868624824672,-30.573844246406225,97257.34015806865,adx=37.8220039812532
2024-07-16 15:42:00,CLOSE,LONG,64711.1,6.034343124123359,4789.272038474752,102046.6121965434,Take Profit
2024-07-16 19:46:00,OPEN,LONG,64635.4,1.2630430036363158,-32.65491590289457,102013.9572806405,entry
2024-07-16 22:08:00,ADD,LONG,64232.0,3.7891290109089475,-97.3533338514826,101916.60394678902,adx=69.00183669965803
2024-07-16 23:29:00,CLOSE,LONG,65205.0,5.052172014545263,4144.472822247917,106061.07676903694,Take Profit
2024-07-17 01:52:00,OPEN,LONG,65619.1,1.2930512825569012,-33.93954456609208,106027.13722447085,entry
2024-07-17 08:18:00,ADD,LONG,64937.1,3.8791538476707035,-100.76040052862663,105926.37682394222,adx=58.128407343832535
2024-07-17 11:37:00,ADD,LONG,64580.1,1.2930512825569007,-33.40215245305444,105892.97467148917,adx=21.680586346551145
2024-07-19 14:22:00,CLOSE,LONG,65799.9,6.465256412784505,4819.714178397393,110712.68884988656,Take Profit
2024-07-19 18:24:00,OPEN,LONG,66398.2,1.3339239780582794,-35.428060431964695,110677.2607894546,entry
2024-07-19 19:32:00,CLOSE,LONG,67201.3,1.3339239780582794,999.9897161759727,111677.25050563057,Take Profit
2024-07-19 22:48:00,OPEN,LONG,66760.7,1.3382394193665503,-35.73672016180353,111641.51378546876,entry
2024-07-20 00:27:00,ADD,LONG,66424.5,2.676478838733101,-71.11350744936499,111570.4002780194,adx=49.3744123534261
2024-07-20 17:16:00,CLOSE,LONG,67397.6,4.014718258099651,3241.7230664457456,114812.12334446514,Take Profit
2024-07-20 18:05:00,OPEN,LONG,67187.3,1.3670693520289119,-36.739879470231244,114775.38346499491,entry
2024-07-20 21:11:00,ADD,LONG,66822.0,4.101208056086736,-109.62036988952605,114665.76309510539,adx=76.3012584674645
2024-07-21 18:07:00,ADD,LONG,66315.8,1.3670693520289117,-36.263319094112376,114629.49977601127,adx=64.57629760529976
2024-07-21 19:31:00,CLOSE,LONG,67612.3,6.835346760144559,5227.109641488947,119856.60941750022,Take Profit
2024-07-21 21:13:00,OPEN,LONG,67566.6,1.41912257733851,-38.354115013600676,119818.25530248662,entry
2024-07-22 00:47:00,CLOSE,LONG,68403.4,1.41912257733851,1110.3385339805682,120928.59383646719,Take Profit
2024-07-22 00:57:00,OPEN,LONG,68120.1,1.4201810489000126,-38.69715002767043,120889.89668643952,entry
2024-07-22 04:02:00,ADD,LONG,67764.2,2.8403620978000257,-76.98994610708905,120812.90674033243,adx=45.97914663816316
2024-07-22 06:37:00,ADD,LONG,67247.5,2.840362097800025,-76.40290006872965,120736.5038402637,adx=68.2593342353
2024-07-23 19:49:00,PARTIAL_CLOSE,LONG,65581.1,5.6807241956000505,-11780.870119528161,108955.63372073554,Stop Loss
2024-07-23 22:01:00,ADD,LONG,65763.6,2.840362097800025,-74.71697474195389,108880.91674599359,adx=40.956900214269474
2024-07-24 21:31:00,ADD,LONG,65178.9,1.4201810489000124,-37.026335427261074,108843.89041056632,adx=33.783220074701056
2024-07-25 01:07:00,ADD,LONG,64772.1,1.4201810489000133,-36.795243566986755,108807.09516699934,adx=59.46802292858665
2024-07-26 02:24:00,CLOSE,LONG,66632.5,7.100905244500063,5229.797284497516,114036.89245149685,Take Profit
2024-07-26 14:32:00,OPEN,LONG,67022.1,1.3611855486652535,-36.491805584475514,114000.40064591238,entry
2024-07-26 19:26:00,CLOSE,LONG,67833.9,1.3611855486652535,1031.584813066118,115031.9854589785,Take Profit
2024-07-26 20:14:00,OPEN,LONG,67702.7,1.3592602417212727,-36.810235346871195,114995.17522363162,entry
2024-07-27 13:10:00,CLOSE,LONG,68739.7,1.3592602417212727,1335.3685788229486,116330.54380245457,Take Profit
2024-07-27 14:11:00,OPEN,LONG,69046.0,1.3478613539084618,-37.22577401678427,116293.31802843779,entry
2024-07-27 16:47:00,ADD,LONG,68697.1,1.3478613539084618,-37.037666486226954,116256.28036195156,adx=26.730131084210136
2024-07-27 19:01:00,ADD,LONG,68175.0,4.043584061725385,-110.26853736325575,116146.0118245883,adx=63.77818512499116
2024-07-27 20:23:00,ADD,LONG,66875.2,8.881784197001252e-16,0.0,116146.0118245883,adx=32.370699569643236
2024-07-29 02:26:00,CLOSE,LONG,69281.1,6.739306769542309,5205.34695330204,121351.35877789035,Take Profit
2024-07-29 03:18:00,OPEN,LONG,69333.2,1.4002106786115784,-38.8324348089227,121312.52634308142,entry
2024-07-29 14:03:00,ADD,LONG,68841.4,1.4002106786115784,-38.55698536422278,121273.9693577172,adx=17.0453601848754
2024-07-29 14:48:00,ADD,LONG,68493.1,1.400210678611578,-38.361908012477215,121235.60744970472,adx=28.383599036693436
2024-07-29 16:25:00,ADD,LONG,67546.8,1.4002106786115789,-37.831900266421144,121197.7755494383,adx=38.7711912538521
2024-07-29 17:01:00,ADD,LONG,66550.0,1.4002106786115789,-37.27360826464428,121160.50194117366,adx=42.05374534398998
2024-07-30 00:21:00,PARTIAL_CLOSE,LONG,65864.0,5.600842714446315,-12967.326450913766,108193.17549025989,Stop Loss
2024-07-30 14:58:00,ADD,LONG,65707.4,1.4002106786115784,-36.80168125752243,108156.37380900237,adx=33.091764921189984
2024-07-30 20:10:00,ADD,LONG,65308.6,4.200632035834735,-109.73495895021188,108046.63885005216,adx=62.964888184559655
2024-07-31 13:41:00,CLOSE,LONG,66785.0,7.001053393057891,5270.912360438888,113317.55121049104,Take Profit
2024-07-31 13:54:00,OPEN,LONG,66430.1,1.364653086001569,-36.261616387360846,113281.28959410368,entry
2024-07-31 14:27:00,ADD,LONG,65951.6,4.093959258004707,-108.00126536008611,113173.2883287436,adx=65.0337954028822
2024-07-31 19:51:00,ADD,LONG,65241.5,1.364653086001569,-35.61280572414398,113137.67552301945,adx=25.32579320773522
2024-08-01 02:05:00,PARTIAL_CLOSE,LONG,63906.4,5.458612344006276,-11050.647147747732,102087.02837527172,Stop Loss
2024-08-01 04:00:00,HEDGE_OPEN,SHORT,63939.1,6.8232654300078455,-174.50938026233052,101912.51899500939,trend_bearish_confirmed
2024-08-02 00:00:00,HEDGE_CLOSE,SHORT,65375.0,6.8232654300078455,-10150.464602205306,91762.05439280409,Hedge Close Trend Up
2024-08-02 08:00:00,HEDGE_OPEN,SHORT,64172.9,6.8232654300078455,-175.14749204534746,91586.90690075874,trend_bearish_confirmed
2024-08-02 21:14:00,ADD,LONG,61881.7,5.458612344006276,-135.11528459523106,91451.79161616351,adx=20
2024-08-21 20:00:00,HEDGE_CLOSE,SHORT,61610.1,6.8232654300078455,17143.36432579106,108595.15594195457,Hedge Close Trend Up
2024-08-22 16:00:00,HEDGE_OPEN,SHORT,60349.8,6.8232654300078455,-164.7130816191493,108430.44286033542,trend_bearish_confirmed
2024-08-23 16:00:00,HEDGE_CLOSE,SHORT,61427.5,6.8232654300078455,-7685.800690419317,100744.6421699161,Hedge Close Trend Up
2024-08-23 19:13:00,CLOSE,LONG,63441.0,6.8232654300078455,4660.586036312117,105405.22820622822,Take Profit
2024-08-23 20:36:00,OPEN,LONG,63455.0,1.3288816100383354,-33.729673025998636,105371.49853320222,entry
2024-08-23 21:20:00,CLOSE,LONG,64534.6,1.3288816100383354,1366.6273759109172,106738.12590911314,Take Profit
2024-08-23 22:58:00,OPEN,LONG,64095.4,1.3322407025666507,-34.156200290919514,106703.96970882222,entry
2024-08-24 01:19:00,ADD,LONG,63730.0,1.3322407025666507,-33.96147998982633,106670.00822883239,adx=36.437170411769706
2024-08-25 23:13:00,CLOSE,LONG,64838.7,2.6644814051333015,2330.08749667948,109000.09572551187,Take Profit
2024-08-25 23:42:00,OPEN,LONG,64240.5,1.357400340601482,-34.88003063216456,108965.2156948797,entry
2024-08-26 00:51:00,ADD,LONG,63849.3,2.7148006812029637,-69.33524925373786,108895.88044562597,adx=43.92516199485458
2024-08-26 09:32:00,ADD,LONG,63373.1,1.3574003406014823,-34.40906700998312,108861.47137861598,adx=30.730141376365214
2024-08-26 21:21:00,ADD,LONG,63015.2,1.3574003406014823,-34.214741577234236,108827.25663703875,adx=83.0518513645297
2024-08-27 15:01:00,PARTIAL_CLOSE,LONG,61754.1,5.429601362405929,-10512.151510273136,98315.10512676561,Stop Loss
2024-08-27 15:34:00,ADD,LONG,61502.0,4.072201021804446,-100.17940289720718,98214.92572386841,adx=61.94002523574536
2024-08-27 22:07:00,ADD,LONG,59620.2,1.3574003406014832,-32.3713919146976,98182.55433195371,adx=20
2024-08-28 00:00:00,HEDGE_OPEN,SHORT,59350.1,6.787001703007411,-161.1236919094663,98021.43064004424,trend_bearish_confirmed
2024-09-13 16:00:00,HEDGE_CLOSE,SHORT,59672.7,6.787001703007411,-2512.6099279088667,95508.82071213538,Hedge Close Trend Up
2024-09-16 04:00:00,HEDGE_OPEN,SHORT,58521.2,6.787001703007411,-158.87339362481725,95349.94731851056,trend_bearish_confirmed
2024-09-17 16:00:00,HEDGE_CLOSE,SHORT,61114.2,6.787001703007411,-17923.48168131421,77426.46563719635,Hedge Close Trend Up
2024-09-19 00:40:00,CLOSE,LONG,62314.2,6.787001703007411,4655.489739348428,82081.95537654478,Take Profit
2024-09-19 01:13:00,OPEN,LONG,61823.4,1.0621474118414036,-26.26622572049382,82055.68915082428,entry
2024-09-19 10:29:00,CLOSE,LONG,62617.1,1.0621474118414036,790.1567387772229,82845.8458896015,Take Profit
2024-09-19 11:01:00,OPEN,LONG,62256.2,1.06457953925362,-26.510670684670913,82819.33521891684,entry
2024-09-19 12:06:00,CLOSE,LONG,63028.6,1.06457953925362,768.9309822557116,83588.26620117255,Take Profit
2024-09-19 13:50:00,OPEN,LONG,62704.2,1.066445516583228,-26.74824518436799,83561.51795598818,entry
2024-09-19 14:33:00,CLOSE,LONG,63465.0,1.066445516583228,757.5307179481606,84319.04867393634,Take Profit
2024-09-19 14:45:00,OPEN,LONG,63028.9,1.0702271329366224,-26.982095575658605,84292.06657836068,entry
2024-09-19 17:42:00,CLOSE,LONG,63797.9,1.0702271329366224,768.7112722108577,85060.77785057154,Take Profit
2024-09-19 18:52:00,OPEN,LONG,63479.8,1.0719728524736567,-27.21944891217572,85033.55840165936,entry
2024-09-19 21:06:00,ADD,LONG,62915.6,2.1439457049473134,-53.9550521576748,84979.60334950169,adx=43.649361926047234
2024-09-20 04:03:00,CLOSE,LONG,63869.0,3.21591855742097,2297.9161672720948,87277.51951677378,Take Profit
2024-09-20 08:09:00,OPEN,LONG,63379.1,1.1016567861238016,-27.92880624537065,87249.59071052841,entry
2024-09-20 13:11:00,ADD,LONG,63009.8,2.2033135722476027,-55.53213900983974,87194.05857151857,adx=45.198472297048
2024-09-20 14:13:00,ADD,LONG,62551.6,1.1016567861238018,-27.564157849163166,87166.49441366941,adx=30.593368463514288
2024-09-22 22:53:00,CLOSE,LONG,63759.7,4.406627144495206,3179.0557909410127,90345.55020461042,Take Profit
2024-09-22 23:12:00,OPEN,LONG,63565.6,1.137037016305806,-28.91057606547838,90316.63962854494,entry
2024-09-23 00:08:00,ADD,LONG,63227.0,1.137037016305806,-28.75657577198581,90287.88305277296,adx=26.361168853714137
2024-09-23 00:15:00,ADD,LONG,62690.0,3.4111110489174177,-85.53702066265396,90202.3460321103,adx=63.66351854769062
2024-09-23 00:52:00,CLOSE,LONG,63732.1,5.6851850815290295,4030.217198073864,94232.56323018417,Take Profit
2024-09-23 04:19:00,OPEN,LONG,64152.9,1.175099653860501,-30.154420233651763,94202.40880995052,entry
2024-09-23 05:10:00,ADD,LONG,63635.1,1.175099653860501,-29.91103359335102,94172.49777635717,adx=28.03240854415526
2024-09-23 12:42:00,ADD,LONG,63284.7,2.350199307721002,-59.492663251730846,94113.00511310544,adx=49.91404869559478
2024-09-24 00:40:00,ADD,LONG,62843.4,1.1750996538605012,-29.53890303496155,94083.46621007047,adx=34.10477110470099
2024-09-24 19:54:00,CLOSE,LONG,64305.8,5.875498269302505,4785.837855082864,98869.30406515334,Take Profit
2024-09-24 20:23:00,OPEN,LONG,64078.2,1.2343580695481877,-31.63817730084702,98837.66588785249,entry
2024-09-25 08:55:00,ADD,LONG,63726.4,1.2343580695481877,-31.464478433306795,98806.20140941918,adx=21.64569931506322
2024-09-25 10:04:00,ADD,LONG,63399.2,1.2343580695481875,-31.30292564915726,98774.89848377003,adx=38.03000124923562
2024-09-26 00:37:00,ADD,LONG,63077.3,1.234358069548188,-31.143989704127307,98743.7544940659,adx=24.693167315243944
2024-09-26 10:32:00,CLOSE,LONG,64371.0,4.937432278192751,3700.8449085966713,102444.59940266257,Take Profit
2024-09-26 13:32:00,OPEN,LONG,64214.7,1.2762759854383818,-32.78227180885733,102411.81713085371,entry
2024-09-26 14:20:00,CLOSE,LONG,64990.7,1.2762759854383818,924.4294650165975,103336.24659587031,Take Profit
2024-09-26 14:57:00,OPEN,LONG,64357.9,1.28451980684106,-33.067598910682136,103303.17899695963,entry
2024-09-26 15:33:00,CLOSE,LONG,65277.1,1.28451980684106,1114.1231163843622,104417.30211334399,Take Profit
2024-09-26 17:37:00,OPEN,LONG,65125.1,1.2826673846285872,-33.4135366762639,104383.88857666773,entry
2024-09-26 19:58:00,ADD,LONG,64771.5,1.2826673846285872,-33.23211620138318,104350.65646046634,adx=27.50588694476337
2024-09-27 09:02:00,CLOSE,LONG,65735.5,2.5653347692571744,1885.332451991795,106235.98891245814,Take Profit
2024-09-27 10:05:00,OPEN,LONG,65612.8,1.2953080973524451,-33.995516451992444,106201.99339600615,entry
2024-09-30 00:27:00,ADD,LONG,65215.0,1.2953080973524451,-33.78940702753607,106168.20398897861,adx=26.476888145606832
2024-09-30 01:48:00,ADD,LONG,64826.6,1.2953080973524451,-33.58816796152678,106134.61582101708,adx=39.00140915774422
2024-09-30 02:11:00,ADD,LONG,64470.5,1.2953080973524451,-33.40366427614936,106101.21215674093,adx=35.856998628184556
2024-09-30 08:46:00,ADD,LONG,64100.2,1.2953080973524447,-33.211803240759764,106068.00035350017,adx=40.47203828318436
2024-09-30 23:42:00,PARTIAL_CLOSE,LONG,62874.7,5.1812323894097805,-10338.993174347648,95729.00717915253,Stop Loss
2024-10-01 13:41:00,ADD,LONG,62524.0,3.885924292057336,-97.18541217464372,95631.82176697788,adx=67.45013470831056
2024-10-01 15:04:00,ADD,LONG,62127.3,1.2953080973524447,-32.18959790265944,95599.63216907522,adx=48.71813797728006
2024-10-02 00:00:00,HEDGE_OPEN,SHORT,60804.6,6.476540486762225,-157.52138147255755,95442.11078760267,trend_bearish_confirmed
2024-10-04 20:00:00,HEDGE_CLOSE,SHORT,62294.5,6.476540486762225,-9968.300193240648,85473.81059436202,Hedge Close Trend Up
2024-10-07 00:57:00,CLOSE,LONG,63675.4,6.476540486762225,4502.179347081241,89975.98994144326,Take Profit
2024-10-07 02:31:00,OPEN,LONG,63741.7,1.1292574869066028,-28.792316781255067,89947.197624662,entry
2024-10-07 03:35:00,ADD,LONG,63384.8,3.387772460719808,-85.89331194729311,89861.30431271471,adx=57.70323427497478
2024-10-07 11:04:00,ADD,LONG,62787.3,1.129257486906603,-28.361211443057982,89832.94310127165,adx=34.84150015877458
2024-10-07 14:19:00,CLOSE,LONG,64100.0,5.646287434533014,4022.1064745346957,93855.04957580635,Take Profit
2024-10-07 15:02:00,OPEN,LONG,63744.0,1.1778997185718667,-30.033615864260355,93825.01595994209,entry
2024-10-07 18:16:00,ADD,LONG,63288.8,2.355799437143733,-59.638287766996655,93765.37767217509,adx=45.10024824340009
2024-10-07 18:47:00,ADD,LONG,62870.1,2.355799437143734,-59.24373847726383,93706.13393369783,adx=55.64929077585505
2024-10-09 18:18:00,PARTIAL_CLOSE,LONG,61279.9,4.711598874287467,-9220.46688374813,84485.6670499497,Stop Loss
2024-10-09 20:00:00,HEDGE_OPEN,SHORT,60965.3,5.889498592859334,-143.62201942529646,84342.0450305244,trend_bearish_confirmed
2024-10-10 18:04:00,ADD,LONG,59246.3,4.711598874287467,-111.65792015427724,84230.38711037012,adx=20
2024-10-11 06:35:00,CLOSE,LONG,60817.2,5.889498592859334,4176.345693892057,88406.73280426218,Take Profit
2024-10-11 16:00:00,HEDGE_CLOSE,SHORT,62321.6,5.889498592859334,-8278.366151122289,80128.36665313989,Hedge Close Trend Up
2024-10-11 16:50:00,OPEN,LONG,62119.0,1.0319337613694992,-25.64107732901175,80102.72557581088,entry
2024-10-11 17:55:00,CLOSE,LONG,62894.4,1.0319337613694992,748.5592193324701,80851.28479514335,Take Profit
2024-10-11 19:34:00,OPEN,LONG,62781.5,1.030256171581034,-25.872411134449067,80825.4123840089,entry
2024-10-11 22:29:00,ADD,LONG,62448.5,3.090768514743102,-77.20554303716926,80748.20684097173,adx=70.91856503707277
2024-10-12 14:47:00,CLOSE,LONG,63282.9,4.121024686324136,2888.113581711892,83636.32042268362,Take Profit
2024-10-12 15:01:00,OPEN,LONG,63119.4,1.0600394860874294,-26.763622535261675,83609.55680014836,entry
2024-10-13 02:10:00,ADD,LONG,62725.1,3.180118458262288,-79.78929932253959,83529.76750082582,adx=56.39801412596277
2024-10-13 14:46:00,ADD,LONG,62372.3,1.0600394860874296,-26.44684033523663,83503.32066049059,adx=64.94005835188605
2024-10-14 03:34:00,CLOSE,LONG,63536.3,5.300197430437147,3987.826781105163,87491.14744159575,Take Profit
2024-10-14 05:05:00,OPEN,LONG,64055.0,1.0927003036964578,-27.997167181310942,87463.15027441444,entry
2024-10-14 08:01:00,CLOSE,LONG,64847.1,1.0927003036964578,809.1873650311172,88272.33763944556,Take Profit
2024-10-14 16:14:00,OPEN,LONG,65696.1,1.0749172342278528,-28.247148044625646,88244.09049140093,entry
2024-10-15 03:36:00,ADD,LONG,65351.3,2.1498344684557056,-56.197790919351974,88187.89270048158,adx=41.187735144256884
2024-10-15 13:43:00,CLOSE,LONG,66351.0,3.2247517026835584,2683.1216757570946,90871.01437623867,Take Profit
2024-10-15 14:36:00,OPEN,LONG,66376.8,1.0952141636986257,-29.07872460038925,90841.93565163828,entry
2024-10-15 15:07:00,ADD,LONG,64843.9,1.0952141636986257,-28.407183083778364,90813.5284685545,adx=32.87447887469709
2024-10-15 16:10:00,CLOSE,LONG,66418.2,2.1904283273972514,1653.8578939097788,92467.38636246428,Take Profit
2024-10-15 18:34:00,OPEN,LONG,66923.6,1.1053486227574643,-29.589563635992818,92437.79679882829,entry
2024-10-15 20:23:00,ADD,LONG,66527.3,2.210697245514928,-58.82868754462106,92378.96811128367,adx=49.94391768948303
2024-10-16 01:28:00,CLOSE,LONG,67466.0,3.3160458682723926,2496.8162059483293,94875.784317232,Take Profit
2024-10-16 03:16:00,OPEN,LONG,67071.9,1.1316307940253014,-30.360250981510035,94845.42406625049,entry
2024-10-16 11:21:00,CLOSE,LONG,67890.0,1.1316307940253014,864.6963357680361,95710.12040201853,Take Profit
2024-10-16 12:01:00,OPEN,LONG,67688.3,1.1311865761381925,-30.62723852864292,95679.49316348988,entry
2024-10-17 04:42:00,ADD,LONG,67300.7,1.1311865761381925,-30.451859361885,95649.041304128,adx=20.954257683361142
2024-10-17 10:32:00,ADD,LONG,66893.5,2.262373152276385,-60.535223384722485,95588.50608074327,adx=45.967111802456884
2024-10-18 01:56:00,CLOSE,LONG,68135.9,4.52474630455277,4016.9251582900324,99605.4312390333,Take Profit
2024-10-18 03:38:00,OPEN,LONG,67794.9,1.1753737374231197,-31.873737996487762,99573.55750103682,entry
2024-10-18 15:29:00,CLOSE,LONG,68643.3,1.1753737374231197,933.040728005275,100506.5982290421,Take Profit
2024-10-18 16:08:00,OPEN,LONG,68510.0,1.1736283547399455,-32.16211143329565,100474.4361176088,entry
2024-10-19 11:34:00,ADD,LONG,68161.2,2.3472567094798906,-63.99673361047462,100410.43938399832,adx=47.19863378884396
2024-10-20 22:29:00,CLOSE,LONG,69107.4,3.5208850642198364,2728.6133475928655,103139.05273159119,Take Profit
2024-10-21 00:52:00,OPEN,LONG,69075.0,1.1945167163991741,-33.0044968741131,103106.04823471708,entry
2024-10-21 06:58:00,ADD,LONG,68728.0,1.1945167163991741,-32.83869795387727,103073.2095367632,adx=39.73014360390947
2024-10-21 09:32:00,ADD,LONG,68232.7,1.1945167163991743,-32.60204030202294,103040.60749646118,adx=36.936072302296836
2024-10-21 13:17:00,ADD,LONG,67867.9,1.194516716399174,-32.42773642276006,103008.17976003842,adx=38.09227109774679
2024-10-21 13:42:00,ADD,LONG,67456.8,1.194516716399174,-32.23131009392091,102975.9484499445,adx=25.315416486693287
2024-10-23 09:14:00,PARTIAL_CLOSE,LONG,66187.1,4.7780668655966965,-10088.67240920775,92887.27604073675,Stop Loss
2024-10-23 09:14:00,ADD,LONG,66187.1,3.5835501491975226,-94.87391683197347,92792.40212390477,adx=51.83328466104209
2024-10-23 17:11:00,ADD,LONG,65680.9,1.194516716399174,-31.382773199264193,92761.01935070551,adx=56.95810165012974
2024-10-24 00:56:00,CLOSE,LONG,67329.0,5.97258358199587,4484.001887089515,97245.02123779502,Take Profit
2024-10-24 03:17:00,OPEN,LONG,67294.2,1.15605827828009,-31.118406796100317,97213.90283099892,entry
2024-10-24 08:46:00,ADD,LONG,66925.4,1.15605827828009,-30.947865078880568,97182.95496592004,adx=20.684098696124824
2024-10-24 13:55:00,CLOSE,LONG,67929.9,2.31211655656018,1771.275777569812,98954.23074348985,Take Profit
2024-10-24 15:05:00,OPEN,LONG,67586.5,1.1712898965739,-31.66535383791779,98922.56538965194,entry
2024-10-24 21:09:00,CLOSE,LONG,68419.1,1.1712898965739,911.4951738244417,99834.06056347638,Take Profit
2024-10-24 22:31:00,OPEN,LONG,68282.8,1.1696539750974053,-31.94689938031661,99802.11366409606,entry
2024-10-25 04:14:00,ADD,LONG,67880.7,1.1696539750974053,-31.758772234956268,99770.3548918611,adx=35.557380494068774
2024-10-25 07:13:00,ADD,LONG,67525.0,1.1696539750974053,-31.592353867381462,99738.76253799372,adx=36.12365176579806
2024-10-25 14:30:00,CLOSE,LONG,68713.9,3.508961925292216,2677.65132269093,102416.41386068465,Take Profit
2024-10-25 15:26:00,OPEN,LONG,68267.1,1.2001847315697858,-32.773252435421455,102383.64060824923,entry
2024-10-25 15:49:00,ADD,LONG,67865.2,3.6005541947093573,-97.74093221391377,102285.89967603532,adx=50.85719232746822
2024-10-25 16:31:00,ADD,LONG,67515.5,1.2001847315697862,-32.4124288977182,102253.4872471376,adx=46.49170744435514
2024-10-25 23:14:00,PARTIAL_CLOSE,LONG,65758.4,4.800738926279144,-10290.592048519276,91962.89519861832,Stop Loss
2024-10-28 10:29:00,CLOSE,LONG,68718.5,1.2001847315697853,815.6711315132852,92778.56633013161,Take Profit
2024-10-28 11:03:00,OPEN,LONG,68507.9,1.0834203509975535,-29.689141225637286,92748.87718890597,entry
2024-10-28 19:04:00,CLOSE,LONG,69344.0,1.0834203509975535,846.1071339155897,93594.98432282156,Take Profit
2024-10-28 20:29:00,OPEN,LONG,69404.1,1.0788409828563046,-29.95039498330152,93565.03392783826,entry
2024-10-29 01:55:00,CLOSE,LONG,70337.1,1.0788409828563046,946.2552235835174,94511.28915142178,Take Profit
2024-10-29 02:57:00,OPEN,LONG,71131.9,1.0629412587198912,-30.24361252845847,94481.04553889332,entry
2024-10-29 15:25:00,CLOSE,LONG,72057.3,1.0629412587198912,922.7651574261545,95403.81069631947,Take Profit
2024-10-29 17:46:00,OPEN,LONG,72586.5,1.0514771831822114,-30.5292194228241,95373.28147689665,entry
2024-10-29 19:08:00,CLOSE,LONG,73484.0,1.0514771831822114,882.2648527516285,96255.54632964828,Take Profit
2024-10-29 19:21:00,OPEN,LONG,72985.9,1.0550590876281396,-30.80177482549334,96224.74455482278,entry
2024-10-29 20:24:00,ADD,LONG,71987.0,1.0550590876281396,-30.380215416429564,96194.36433940635,adx=39.674131896342
2024-10-30 13:35:00,ADD,LONG,71625.9,1.0550590876281398,-30.22782268181618,96164.13651672454,adx=9.446506158965414
2024-10-31 13:58:00,ADD,LONG,71195.1,2.1101181752562788,-60.09202979967813,96104.04448692486,adx=52.421151643290465
2024-11-01 01:50:00,PARTIAL_CLOSE,LONG,69509.7,4.220236350512558,-9773.661738669092,86330.38274825577,Stop Loss
2024-11-01 02:04:00,ADD,LONG,69141.6,3.165177262884419,-87.53816809577984,86242.84458015999,adx=59.38405829814934
2024-11-01 13:37:00,CLOSE,LONG,70712.3,4.220236350512558,3467.868228817708,89710.7128089777,Take Profit
2024-11-01 15:21:00,OPEN,LONG,70667.5,1.0155809990049478,-28.707428098874516,89682.00538087882,entry
2024-11-01 15:38:00,ADD,LONG,70107.2,3.046742997014843,-85.43944825613289,89596.56593262269,adx=62.26751955252811
2024-11-01 15:47:00,ADD,LONG,69464.5,1.015580999004948,-28.21873052214505,89568.34720210054,adx=81.63630646850473
2024-11-03 02:42:00,PARTIAL_CLOSE,LONG,67889.1,4.062323996019791,-9054.008764116355,80514.33843798419,Stop Loss
2024-11-03 13:51:00,ADD,LONG,68044.7,3.046742997014843,-82.92588528359192,80431.4125527006,adx=51.16663677249978
2024-11-03 14:29:00,ADD,LONG,67701.7,1.015580999004948,-27.502624048138387,80403.90992865246,adx=13.459800675805939
2024-11-03 21:20:00,CLOSE,LONG,69233.0,5.077904995024739,3911.102197845452,84315.01212649791,Take Profit
2024-11-03 22:38:00,OPEN,LONG,68938.6,0.9784360242476396,-26.980803880476742,84288.03132261743,entry
2024-11-04 00:36:00,ADD,LONG,68367.1,0.9784360242476396,-26.75713340533548,84261.2741892121,adx=32.16176916167165
2024-11-04 16:42:00,ADD,LONG,67973.4,1.9568720484952793,-53.20609860047989,84208.06809061162,adx=49.28696142325958
2024-11-04 18:03:00,ADD,LONG,67564.4,0.9784360242476393,-26.442977166676428,84181.62511344494,adx=22.9298177533375
2024-11-05 08:57:00,CLOSE,LONG,68990.0,4.892180121238198,3775.5823161392473,87957.20742958419,Take Profit
2024-11-05 15:28:00,OPEN,LONG,69489.0,1.0126173343071183,-28.146306377471774,87929.06112320672,entry
2024-11-05 16:34:00,CLOSE,LONG,70419.8,1.0126173343071183,885.8745843322249,88814.93570753894,Take Profit
2024-11-05 17:30:00,OPEN,LONG,70090.0,1.0137244766162243,-28.420779426407535,88786.51492811253,entry
2024-11-05 18:15:00,ADD,LONG,69709.4,1.0137244766162243,-28.26645001208817,88758.24847810045,adx=20.137678885324476
2024-11-05 19:57:00,ADD,LONG,68703.5,2.0274489532324487,-55.71713566336257,88702.53134243708,adx=46.877321509474235
2024-11-06 00:25:00,CLOSE,LONG,70146.6,4.054897906464897,3200.2094452667225,91902.7407877038,Take Profit
2024-11-06 01:17:00,OPEN,LONG,70666.6,1.0404093677941635,-29.408877052061143,91873.33191065174,entry
2024-11-06 02:15:00,CLOSE,LONG,71621.3,1.0404093677941635,934.0637577995803,92807.39566845133,Take Profit
2024-11-06 04:59:00,OPEN,LONG,74276.3,0.9995909399735994,-29.698366613898543,92777.69730183743,entry
2024-11-06 06:21:00,CLOSE,LONG,75210.0,0.9995909399735994,873.5480002012773,93651.2453020387,Take Profit
2024-11-06 07:42:00,OPEN,LONG,73407.4,1.020619123434844,-29.968398496654117,93621.27690354205,entry
2024-11-06 08:03:00,ADD,LONG,72983.9,1.020619123434844,-29.795505617148592,93591.4813979249,adx=27.150155410935042
2024-11-06 09:38:00,CLOSE,LONG,74101.4,2.041238246869688,1728.5841932577896,95320.06559118269,Take Profit
2024-11-06 10:07:00,OPEN,LONG,73455.1,1.038131490841972,-30.50242098918534,95289.5631701935,entry
2024-11-06 11:30:00,CLOSE,LONG,74380.1,1.038131490841972,898.8826783988625,96188.44584859237,Take Profit
2024-11-06 19:34:00,OPEN,LONG,75060.3,1.025185839636584,-30.780302671555546,96157.66554592081,entry
2024-11-06 20:11:00,CLOSE,LONG,75985.7,1.025185839636584,886.7668878661934,97044.432433787,Take Profit
2024-11-07 00:06:00,OPEN,LONG,75426.6,1.0292860336675602,-31.054218378805672,97013.3782154082,entry
2024-11-07 04:04:00,ADD,LONG,74959.1,2.0585720673351204,-61.72348378103925,96951.65473162716,adx=49.00078671848239
2024-11-07 06:14:00,ADD,LONG,74465.1,2.0585720673351204,-61.31670994052547,96890.33802168664,adx=57.70713183929295
2024-11-07 15:47:00,CLOSE,LONG,75774.4,5.146430168337801,4421.546421410225,101311.88444309686,Take Profit
2024-11-07 18:07:00,OPEN,LONG,75839.1,1.068703446566184,-32.419803021795815,101279.46464007506,entry
2024-11-07 20:18:00,CLOSE,LONG,76795.8,1.068703446566184,957.1800098513486,102236.64464992641,Take Profit
2024-11-07 21:16:00,OPEN,LONG,76250.7,1.072636916381635,-32.715726287977304,102203.92892363844,entry
2024-11-07 21:58:00,ADD,LONG,75862.3,1.072636916381635,-32.54908141664055,102171.3798422218,adx=20.793619541397987
2024-11-08 18:39:00,CLOSE,LONG,77008.0,2.14527383276327,1909.881945244255,104081.26178746605,Take Profit
2024-11-08 20:15:00,OPEN,LONG,76710.0,1.0854518241425217,-33.30600377198425,104047.95578369407,entry
2024-11-09 01:30:00,ADD,LONG,76243.4,1.0854518241425217,-33.10341504352982,104014.85236865054,adx=30.201689159728936
2024-11-09 17:14:00,ADD,LONG,75845.1,3.2563554724275656,-98.79144257672306,103916.06092607381,adx=58.17951655549223
2024-11-10 00:57:00,CLOSE,LONG,77057.8,5.427259120712609,4878.008470890272,108794.06939696409,Take Profit
2024-11-10 02:57:00,OPEN,LONG,77098.3,1.1288868304174187,-34.81410220703401,108759.25529475705,entry
2024-11-10 04:45:00,CLOSE,LONG,78080.9,1.1288868304174187,1039.1722974742588,109798.42759223131,Take Profit
2024-11-10 05:53:00,OPEN,LONG,79298.8,1.1076932068806218,-35.13549682951998,109763.29209540179,entry
2024-11-10 06:47:00,ADD,LONG,78720.0,2.2153864137612436,-69.75808739651984,109693.53400800527,adx=48.97118613252649
2024-11-10 11:13:00,CLOSE,LONG,79956.9,3.3230796206418654,3258.009512435485,112951.54352044075,Take Profit
2024-11-10 14:35:00,OPEN,LONG,79568.6,1.1356393705098822,-36.14449392653478,112915.39902651422,entry
2024-11-10 17:51:00,CLOSE,LONG,80666.3,1.1356393705098822,1173.8037126208073,114089.20273913503,Take Profit
2024-11-10 18:56:00,OPEN,LONG,80638.5,1.1318583826746285,-36.50854487651668,114052.69419425851,entry
2024-11-10 19:45:00,ADD,LONG,79565.8,1.1318583826746285,-36.02288708167907,114016.67130717683,adx=34.000345608163926
2024-11-10 21:12:00,ADD,LONG,78597.2,1.1318583826746287,-35.584359869899345,113981.08694730693,adx=27.294238875584707
2024-11-10 22:16:00,CLOSE,LONG,80857.3,3.3955751480238856,4049.6202388418023,118030.70718614873,Take Profit
2024-11-10 23:40:00,OPEN,LONG,80080.3,1.1791235266216409,-37.769826299569104,117992.93735984917,entry
2024-11-11 01:38:00,CLOSE,LONG,81192.5,1.1791235266216409,1235.3569652349252,119228.29432508409,Take Profit
2024-11-11 04:27:00,OPEN,LONG,81407.1,1.1716746507376785,-38.15305418403295,119190.14127090006,entry
2024-11-11 05:27:00,ADD,LONG,80880.0,2.3433493014753575,-75.81203660133178,119114.32923429873,adx=42.36280176095852
2024-11-11 10:09:00,CLOSE,LONG,82040.0,3.5150239522130358,3230.5239593621227,122344.85319366085,Take Profit
2024-11-11 12:20:00,OPEN,LONG,81903.2,1.1950190292311984,-39.150353021977935,122305.70284063887,entry
2024-11-11 15:14:00,CLOSE,LONG,82965.2,1.1950190292311984,1190.3018589159765,123496.00469955485,Take Profit
2024-11-11 16:32:00,OPEN,LONG,84058.7,1.1753310931485246,-39.518721503860434,123456.48597805099,entry
2024-11-11 18:39:00,CLOSE,LONG,85163.6,1.1753310931485246,1219.06643248217,124675.55241053316,Take Profit
2024-11-11 22:16:00,OPEN,LONG,87124.3,1.1448062357852693,-39.89617677137721,124635.65623376178,entry
2024-11-11 23:00:00,CLOSE,LONG,88316.2,1.1448062357852693,1284.1564010687434,125919.81263483052,Take Profit
2024-11-11 23:36:00,OPEN,LONG,88505.4,1.1381887445044532,-40.29434004313953,125879.51829478738,entry
2024-11-12 00:12:00,ADD,LONG,87894.5,1.1381887445044532,-40.01621224153496,125839.50208254585,adx=27.60818051535029
2024-11-12 00:19:00,ADD,LONG,86730.0,3.4145662335133595,-118.45813177304808,125721.0439507728,adx=53.10614771937805
2024-11-12 00:49:00,CLOSE,LONG,88395.0,5.690943722522266,5729.271135832285,131450.3150866051,Take Profit
2024-11-12 02:18:00,OPEN,LONG,88250.9,1.1916054348373113,-42.06410082770162,131408.25098577738,entry
2024-11-12 02:38:00,ADD,LONG,87573.3,3.574816304511934,-125.22338427195791,131283.02760150543,adx=55.85892908563799
2024-11-12 02:54:00,ADD,LONG,87062.0,1.191605434837311,-41.49742094712565,131241.5301805583,adx=49.986600215763154
2024-11-12 04:24:00,CLOSE,LONG,88672.4,5.958027174186556,5930.193749768048,137171.72393032635,Take Profit
2024-11-12 09:08:00,OPEN,LONG,88760.1,1.236336812872688,-43.89495165771223,137127.82897866864,entry
2024-11-12 09:46:00,ADD,LONG,88099.2,1.236336812872688,-43.56811365784961,137084.2608650108,adx=30.581472368558376
2024-11-12 10:04:00,ADD,LONG,87464.9,2.472673625745376,-86.50886056339368,136997.7520044474,adx=41.686656662206794
2024-11-12 10:36:00,ADD,LONG,86840.7,1.236336812872688,-42.945741706265835,136954.80626274113,adx=39.818892286785044
2024-11-12 18:53:00,CLOSE,LONG,88794.5,6.18168406436344,6168.899204288522,143123.70546702965,Take Profit
2024-11-12 21:12:00,OPEN,LONG,88964.7,1.2870156857003252,-45.7995857494534,143077.9058812802,entry
2024-11-12 22:06:00,ADD,LONG,87979.7,2.5740313714006504,-90.58500313857803,142987.32087814162,adx=47.075520055101656
2024-11-12 23:21:00,ADD,LONG,87530.7,1.2870156857003252,-45.06135355212609,142942.2595245895,adx=34.154909358295505
2024-11-13 04:31:00,ADD,LONG,87088.4,1.2870156857003252,-44.833654737012694,142897.42586985248,adx=36.146332957802755
2024-11-13 13:42:00,CLOSE,LONG,88967.9,6.435078428501626,6361.13541334981,149258.5612832023,Take Profit
2024-11-13 16:35:00,OPEN,LONG,92282.3,1.2939301364027753,-47.76273961062543,149210.79854359166,entry
2024-11-13 19:06:00,ADD,LONG,91758.3,2.5878602728055506,-94.98306370805949,149115.8154798836,adx=43.05681356724375
2024-11-13 20:02:00,ADD,LONG,89557.6,1.2939301364027753,-46.35251103356131,149069.46296885004,adx=30.882834135734978
2024-11-13 21:04:00,ADD,LONG,88991.9,1.2939301364027749,-46.059720522287535,149023.40324832776,adx=88.09808451809316
2024-11-13 21:21:00,PARTIAL_CLOSE,LONG,88053.7,5.175720545611101,-14757.02207971277,134266.381168615,Stop Loss
2024-11-14 15:00:00,ADD,LONG,88500.0,3.8817904092083264,-137.41538048596703,134128.96578812902,adx=60.411020384043276
2024-11-14 21:41:00,ADD,LONG,87792.8,1.2939301364027749,-45.439099871669896,134083.52668825735,adx=49.39340072004393
2024-11-15 12:03:00,CLOSE,LONG,89963.9,6.469650682013876,6668.962142204429,140752.48883046178,Take Profit
2024-11-15 12:35:00,OPEN,LONG,89901.1,1.2525096029344405,-45.04079642574652,140707.44803403603,entry
2024-11-15 14:28:00,ADD,LONG,89362.0,3.7575288088033214,-134.31211576491478,140573.13591827112,adx=56.36105856401243
2024-11-15 14:37:00,ADD,LONG,88784.9,1.25250960293444,-44.48157593823271,140528.65434233288,adx=69.19004647849299
2024-11-15 19:42:00,CLOSE,LONG,90549.1,6.262548014672202,7031.204390425817,147559.8587327587,Take Profit
2024-11-16 03:33:00,OPEN,LONG,91276.4,1.293301302266599,-47.21915479449672,147512.6395779642,entry
2024-11-16 12:14:00,ADD,LONG,90728.5,1.293301302266599,-46.93571488108137,147465.70386308312,adx=30.923335983533313
2024-11-17 01:43:00,ADD,LONG,90262.7,3.8799039067997967,-140.08424094732618,147325.6196221358,adx=68.09300587937874
2024-11-18 06:56:00,CLOSE,LONG,91683.9,6.4665065113329945,6805.370852046297,154130.9904741821,Take Profit
2024-11-18 07:31:00,OPEN,LONG,91571.5,1.3465411441261275,-49.321916951739695,154081.66855723035,entry
2024-11-18 11:44:00,ADD,LONG,90390.5,4.039623432378383,-146.05743274575798,153935.6111244846,adx=71.4885539650334
2024-11-18 13:04:00,ADD,LONG,89899.9,1.3465411441261272,-48.421565681142965,153887.18955880345,adx=37.94838983580259
2024-11-18 15:39:00,CLOSE,LONG,91849.7,6.732705720630637,8403.552466009598,162290.74202481305,Take Profit
2024-11-18 16:46:00,OPEN,LONG,91394.6,1.4205718239354452,-51.933037447946845,162238.8089873651,entry
2024-11-18 18:42:00,ADD,LONG,90680.4,4.261715471806336,-154.5816254678357,162084.22736189727,adx=70.31273491797127
2024-11-18 18:53:00,ADD,LONG,90189.0,1.420571823935445,-51.24798089155229,162032.97938100572,adx=60.06777440645636
2024-11-18 20:24:00,CLOSE,LONG,91818.7,7.102859119677226,7250.048373487603,169283.02775449332,Take Profit
2024-11-18 21:45:00,OPEN,LONG,91434.7,1.4811272110434515,-54.170568881439976,169228.85718561188,entry
2024-11-18 23:08:00,ADD,LONG,90963.0,2.9622544220869025,-107.78221959850634,169121.07496601337,adx=40.84022274468269
2024-11-18 23:24:00,ADD,LONG,90500.1,2.962254422086904,-107.23372856972856,169013.84123744364,adx=56.06470480699822
2024-11-19 06:29:00,CLOSE,LONG,91993.3,7.405636055217258,7760.9126174481935,176774.75385489184,Take Profit
2024-11-19 08:39:00,OPEN,LONG,91550.1,1.5447258177097947,-56.567921233567176,176718.18593365827,entry
2024-11-19 13:02:00,CLOSE,LONG,92661.7,1.5447258177097947,1603.2945296114776,178321.48046326975,Take Profit
2024-11-19 13:31:00,OPEN,LONG,91936.9,1.5516858233268234,-57.06287374824751,178264.4175895215,entry
2024-11-19 13:54:00,ADD,LONG,91217.1,4.65505746998047,-169.84833709799568,178094.5692524235,adx=50.59205641123914
2024-11-19 16:00:00,CLOSE,LONG,92512.4,6.2067432933072935,6466.099634045007,184560.6688864685,Take Profit
2024-11-19 17:22:00,OPEN,LONG,92444.7,1.5971552193816931,-59.059414043673314,184501.60947242484,entry
2024-11-19 18:28:00,CLOSE,LONG,93744.6,1.5971552193816931,1957.1927847590705,186458.8022571839,Take Profit
2024-11-19 19:03:00,OPEN,LONG,93239.9,1.5998198389932545,-59.666816722310614,186399.1354404616,entry
2024-11-19 20:54:00,ADD,LONG,92303.2,4.799459516979764,-177.2021886750881,186221.9332517865,adx=51.26159668365483
2024-11-19 22:32:00,ADD,LONG,91539.8,1.5998198389932545,-58.57887523897807,186163.35437654753,adx=33.93093518236589
2024-11-20 09:12:00,CLOSE,LONG,93483.0,7.999099194966273,8565.528655470087,194728.88303201762,Take Profit
2024-11-20 09:34:00,OPEN,LONG,93113.0,1.6730543149250279,-62.31324257023516,194666.56978944739,entry
2024-11-20 13:16:00,CLOSE,LONG,94264.3,1.6730543149250279,1800.7904726596025,196467.360262107,Take Profit
2024-11-20 14:40:00,OPEN,LONG,93935.7,1.6732071854437196,-62.8695552838617,196404.49070682313,entry
2024-11-20 16:30:00,ADD,LONG,93406.9,5.019621556331159,-187.54691550001735,196216.9437913231,adx=68.71291490801687
2024-11-21 00:25:00,CLOSE,LONG,94687.9,6.692828741774878,7184.813228319777,203401.7570196429,Take Profit
2024-11-21 02:02:00,OPEN,LONG,94491.3,1.7220781766756763,-65.08856224629562,203336.6684573966,entry
2024-11-21 03:28:00,CLOSE,LONG,95677.5,1.7220781766756763,1911.734917026828,205248.40337442342,Take Profit
2024-11-21 05:51:00,OPEN,LONG,97066.3,1.6916141101447026,-65.67948907980463,205182.7238853436,entry
2024-11-21 11:09:00,CLOSE,LONG,98387.0,1.6916141101447026,2101.862131206377,207284.58601655,Take Profit
2024-11-21 12:17:00,OPEN,LONG,97789.3,1.6957649641958783,-66.33106752528693,207218.2549490247,entry
2024-11-21 14:36:00,ADD,LONG,96842.9,1.6957649641958783,-65.68911874043988,207152.56583028426,adx=30.210193121941614
2024-11-21 15:28:00,ADD,LONG,96343.0,1.6957649641958783,-65.35003357820096,207087.21579670606,adx=16.856756166026212
2024-11-21 18:22:00,CLOSE,LONG,98215.4,5.087294892587635,5827.922682601697,212915.13847930776,Take Profit
2024-11-21 19:48:00,OPEN,LONG,98082.4,1.7366225824760226,-68.13284431336797,212847.0056349944,entry
2024-11-22 03:17:00,CLOSE,LONG,99262.3,1.7366225824760226,1911.95568004268,214758.96131503707,Take Profit
2024-11-22 04:15:00,OPEN,LONG,98718.0,1.7403834057824275,-68.72286762081785,214690.23844741625,entry
2024-11-22 13:19:00,ADD,LONG,98053.6,5.221150217347282,-204.7810299806879,214485.45741743557,adx=67.69367859118239
2024-11-22 14:31:00,ADD,LONG,97421.1,1.7403834057824268,-67.82002632523654,214417.63739111033,adx=31.151779424865243
2024-11-22 17:10:00,CLOSE,LONG,99236.9,8.701917028912137,9554.715757737955,223972.35314884828,Take Profit
2024-11-22 19:40:00,OPEN,LONG,99074.8,1.808511170540628,-71.67115300762816,223900.68199584066,entry
2024-11-23 01:22:00,ADD,LONG,98479.0,1.808511170540628,-71.2401486254821,223829.44184721517,adx=25.8851903730794
2024-11-23 16:17:00,ADD,LONG,97928.1,1.808511170540628,-70.84162510393071,223758.60022211124,adx=36.683132429010946
2024-11-23 17:08:00,ADD,LONG,97398.2,1.808511170540628,-70.45829307622625,223688.14192903502,adx=29.108589991754023
2024-11-24 14:14:00,ADD,LONG,96771.2,1.808511170540628,-70.00471847463632,223618.13721056038,adx=81.36635564522444
2024-11-25 15:12:00,PARTIAL_CLOSE,LONG,94879.6,7.234044682162512,-22343.156056416105,201274.98115414428,Stop Loss
2024-11-25 15:12:00,ADD,LONG,94879.6,5.425533511621884,-205.90897974770633,201069.07217439657,adx=64.23553817215908
2024-11-25 21:38:00,ADD,LONG,94349.5,1.808511170540628,-68.25284987397026,201000.8193245226,adx=25.633382026483048
2024-11-27 18:15:00,CLOSE,LONG,96545.6,9.04255585270314,9528.851774542942,210529.67109906554,Take Profit
2024-11-27 22:47:00,OPEN,LONG,96202.6,1.75071917889176,-67.36949475170695,210462.30160431383,entry
2024-11-28 02:58:00,ADD,LONG,95704.7,5.25215753667528,-201.06246456009103,210261.23913975374,adx=76.52413710336418
2024-11-28 03:28:00,ADD,LONG,95138.5,1.7507191788917593,-66.62431864038808,210194.61482111335,adx=57.261738453946855
2024-11-29 02:45:00,CLOSE,LONG,96908.5,8.7535958944588,9982.777440620412,220177.39226173377,Take Profit
2024-11-29 03:17:00,OPEN,LONG,96568.7,1.8240062650671183,-70.45676552376244,220106.93549621,entry
2024-11-29 07:23:00,ADD,LONG,96053.7,1.8240062650671183,-70.08102023316314,220036.85447597684,adx=39.28541937671296
2024-11-29 12:11:00,CLOSE,LONG,97468.3,3.6480125301342365,3938.35128098508,223975.20575696192,Take Profit
2024-11-29 15:32:00,OPEN,LONG,97839.8,1.8313627440527225,-71.67206584222731,223903.5336911197,entry
2024-11-29 17:08:00,ADD,LONG,97323.9,1.8313627440527225,-71.29414582636673,223832.23954529333,adx=34.255550736883336
2024-11-30 01:21:00,ADD,LONG,96760.1,1.831362744052723,-70.88113690033788,223761.358408393,adx=36.8514805850509
2024-11-30 10:46:00,ADD,LONG,96265.0,1.831362744052722,-70.5184538225003,223690.8399545705,adx=31.913951102893602
2024-12-02 01:30:00,CLOSE,LONG,98245.3,7.32545097621089,8204.380560689548,231895.22051526004,Take Profit
2024-12-02 03:08:00,OPEN,LONG,97480.0,1.9031203981556015,-74.20647056488087,231821.01404469516,entry
2024-12-02 03:53:00,ADD,LONG,96731.8,5.709361194466805,-220.91071407636628,231600.1033306188,adx=54.49455032046044
2024-12-02 04:09:00,ADD,LONG,96215.8,1.9031203981556013,-73.24410064195399,231526.85922997684,adx=59.76258565249405
2024-12-03 13:57:00,PARTIAL_CLOSE,LONG,93857.5,7.612481592622406,-22519.874883267825,209006.984346709,Stop Loss
2024-12-04 20:11:00,CLOSE,LONG,97979.0,1.9031203981556013,1842.2432306097471,210849.22757731876,Take Profit
2024-12-04 21:14:00,OPEN,LONG,98286.8,1.7161956850956082,-67.47175282475655,210781.755824494,entry
2024-12-04 21:48:00,ADD,LONG,97524.9,5.148587055286825,-200.84617508325027,210580.90964941075,adx=52.45524074647874
2024-12-04 23:26:00,CLOSE,LONG,98903.6,6.864782740382433,7617.007853286283,218197.91750269703,Take Profit
2024-12-05 00:03:00,OPEN,LONG,98543.5,1.7713835413006198,-69.82333360085613,218128.09416909618,entry
2024-12-05 02:32:00,CLOSE,LONG,99764.0,1.7713835413006198,2021.462155510817,220149.556324607,Take Profit
2024-12-05 04:17:00,OPEN,LONG,102833.5,1.7126680027392398,-70.44785802386468,220079.10846658313,entry
2024-12-05 05:44:00,ADD,LONG,102225.0,5.138004008217719,-210.09298389602918,219869.0154826871,adx=55.24083661301631
2024-12-05 06:19:00,ADD,LONG,101658.9,1.712668002739239,-69.64317808946362,219799.37230459764,adx=65.43039677263877
2024-12-05 14:43:00,CLOSE,LONG,103496.4,8.563340013696198,10110.1194047303,229909.49170932794,Take Profit
2024-12-05 15:20:00,OPEN,LONG,102900.0,1.7874401687800034,-73.57103734699194,229835.92067198094,entry
2024-12-05 15:27:00,ADD,LONG,102033.4,5.36232050634001,-218.85431726064417,229617.0663547203,adx=50.272836116601916
2024-12-05 16:35:00,ADD,LONG,101007.3,1.7874401687800034,-72.21780214400496,229544.8485525763,adx=46.59776849798107
2024-12-05 19:56:00,PARTIAL_CLOSE,LONG,98915.1,7.149760675120014,-22349.9090645526,207194.9394880237,Stop Loss
2024-12-05 19:56:00,ADD,LONG,98915.1,5.36232050634001,-212.16578764666338,206982.77370037703,adx=69.38438515559538
2024-12-05 22:20:00,ADD,LONG,98256.0,1.7874401687800034,-70.2506884894683,206912.52301188756,adx=62.38564401673552
2024-12-06 17:44:00,CLOSE,LONG,100722.2,8.937200843900017,10804.632678108348,217717.1556899959,Take Profit
2024-12-06 18:42:00,OPEN,LONG,101035.8,1.7238812831886987,-69.66948982080794,217647.4862001751,entry
2024-12-06 21:47:00,ADD,LONG,100441.3,5.171643849566096,-207.77865255496,217439.70754762014,adx=68.30747120504637
2024-12-06 23:21:00,ADD,LONG,99777.1,1.7238812831886996,-68.80155007232679,217370.90599754782,adx=53.19706374826139
2024-12-09 17:59:00,PARTIAL_CLOSE,LONG,97406.2,6.895525132754796,-21101.151470148063,196269.75452739975,Stop Loss
2024-12-09 19:00:00,ADD,LONG,97699.5,1.7238812831886987,-67.36893577076262,196202.385591629,adx=23.328106104253454
2024-12-09 19:41:00,ADD,LONG,97175.2,1.7238812831886987,-67.00740338803735,196135.37818824095,adx=28.306904006238728
2024-12-09 21:03:00,ADD,LONG,95437.1,3.4477625663773983,-131.6177843294572,196003.7604039115,adx=66.00704679347454
2024-12-11 08:44:00,CLOSE,LONG,98460.2,8.619406415943494,9606.613442622795,205610.3738465343,Take Profit
2024-12-11 11:40:00,OPEN,LONG,98162.8,1.6756683700671482,-65.79531963088084,205544.5785269034,entry
2024-12-11 14:51:00,CLOSE,LONG,99355.2,1.6756683700671482,1865.6770984204777,207410.2556253239,Take Profit
2024-12-11 17:57:00,OPEN,LONG,99936.4,1.6603380199833007,-66.37128180009313,207343.8843435238,entry
2024-12-11 20:00:00,CLOSE,LONG,101248.5,1.6603380199833007,2044.915540613496,209388.7998841373,Take Profit
2024-12-11 20:57:00,OPEN,LONG,101165.0,1.655820094966736,-67.0044159629324,209321.79546817436,entry
2024-12-12 00:48:00,ADD,LONG,100648.0,1.655820094966736,-66.66199236729881,209255.13347580706,adx=17.224185858553
2024-12-12 16:02:00,CLOSE,LONG,102248.8,3.311640189933472,4176.103724436514,213431.23720024357,Take Profit
2024-12-12 16:30:00,OPEN,LONG,101687.4,1.6791164860168994,-68.2979959040822,213362.9392043395,entry
2024-12-12 18:36:00,ADD,LONG,101095.5,1.6791164860168994,-67.90044828483951,213295.03875605465,adx=31.393770041825338
2024-12-12 19:18:00,ADD,LONG,100544.3,1.6791164860168997,-67.53023668201058,213227.50851937264,adx=25.859575344844426
2024-12-12 19:28:00,ADD,LONG,100024.2,3.3582329720337984,-134.36182657652535,213093.14669279612,adx=61.19186875143637
2024-12-14 01:03:00,CLOSE,LONG,101961.1,8.395582430084497,10116.05145810786,223209.19815090398,Take Profit
2024-12-14 02:10:00,OPEN,LONG,101726.3,1.7553706221569367,-71.42694340829621,223137.77120749568,entry
2024-12-14 13:17:00,ADD,LONG,101054.7,1.7553706221569367,-70.95538064435823,223066.81582685132,adx=21.50887297027611
2024-12-15 04:21:00,CLOSE,LONG,102650.3,3.5107412443138735,4136.298038753448,227203.11386560477,Take Profit
2024-12-15 05:51:00,OPEN,LONG,102142.0,1.779507852719585,-72.70499643697985,227130.4088691678,entry
2024-12-15 07:39:00,ADD,LONG,101531.0,1.779507852719585,-72.27008471777663,227058.13878445,adx=29.98230245716488
2024-12-15 12:39:00,CLOSE,LONG,103104.2,3.55901570543917,4220.00934179168,231278.1481262417,Take Profit
2024-12-15 13:17:00,OPEN,LONG,102579.6,1.803697016765452,-74.00900740039651,231204.1391188413,entry
2024-12-15 23:08:00,CLOSE,LONG,103833.3,1.803697016765452,2112.3724171380745,233316.51153597937,Take Profit
2024-12-16 02:17:00,OPEN,LONG,104900.0,1.7793442252505578,-74.66128369150101,233241.85025228787,entry
2024-12-16 03:50:00,ADD,LONG,104344.0,5.338032675751673,-222.7966726074519,233019.05357968042,adx=57.54235684473764
2024-12-16 11:53:00,ADD,LONG,103728.6,1.7793442252505578,-73.82755416134023,232945.22602551908,adx=42.580962748155805
2024-12-16 14:46:00,CLOSE,LONG,105590.2,8.896721126252789,10445.73877882972,243390.9648043488,Take Profit
2024-12-16 18:50:00,OPEN,LONG,107173.2,1.8168046847857398,-77.88510873739142,243313.0796956114,entry
2024-12-16 19:03:00,ADD,LONG,106621.4,5.4504140543572195,-232.4523108220892,243080.62738478932,adx=69.70832952073486
2024-12-16 19:17:00,ADD,LONG,105888.1,1.8168046847857395,-76.95119845721638,243003.6761863321,adx=75.89620987137555
2024-12-17 14:48:00,CLOSE,LONG,107906.8,9.084023423928699,11226.973981869465,254230.65016820157,Take Profit
2024-12-17 15:11:00,OPEN,LONG,107202.9,1.8971923346715553,-81.35380805382738,254149.29636014774,entry
2024-12-17 15:19:00,ADD,LONG,106322.8,5.6915770040146665,-242.0577613929927,253907.23859875475,adx=50.70322637369886
2024-12-17 22:24:00,ADD,LONG,105782.4,1.897192334671555,-80.27582336927298,253826.96277538547,adx=71.08639513946181
2024-12-18 06:47:00,PARTIAL_CLOSE,LONG,103187.8,7.588769338686221,-24619.600230758253,229207.36254462722,Stop Loss
2024-12-18 20:03:00,ADD,LONG,102392.5,3.7943846693431107,-155.40661290229764,229051.95593172492,adx=45.99459072410401
2024-12-18 20:43:00,ADD,LONG,100608.0,1.8971923346715558,-76.3490905626677,228975.60684116225,adx=27.169095159477674
2024-12-18 23:57:00,ADD,LONG,100082.1,1.897192334671555,-75.9499971831392,228899.65684397912,adx=20
2024-12-20 12:00:00,HEDGE_OPEN,SHORT,92734.8,9.485961673357776,-351.8715034346096,228547.7853405445,trend_bearish_confirmed
2024-12-20 16:00:00,HEDGE_CLOSE,SHORT,96866.8,9.485961673357776,-39915.415038637264,188632.37030190724,Hedge Close Trend Up
2024-12-22 16:00:00,HEDGE_OPEN,SHORT,95263.3,9.485961673357776,-361.4656050710473,188270.9046968362,trend_bearish_confirmed
2024-12-24 16:00:00,HEDGE_CLOSE,SHORT,98167.5,9.485961673357776,-28283.0807538644,159987.8239429718,Hedge Close Trend Up
2024-12-26 12:00:00,HEDGE_OPEN,SHORT,95614.0,9.485961673357776,-362.7962957745767,159625.02764719722,trend_bearish_confirmed
2024-12-27 12:00:00,HEDGE_CLOSE,SHORT,96968.3,9.485961673357776,-13577.569220935315,146047.4584262619,Hedge Close Trend Up
2024-12-27 16:00:00,HEDGE_OPEN,SHORT,94638.9,9.485961673357776,-359.09639128349954,145688.3620349784,trend_bearish_confirmed
2025-01-02 12:00:00,HEDGE_CLOSE,SHORT,96718.9,9.485961673357776,-20456.885383263405,125231.476651715,Hedge Close Trend Up
2025-01-08 08:00:00,HEDGE_OPEN,SHORT,95633.2,9.485961673357776,-362.86914796022756,124868.60750375477,trend_bearish_confirmed
2025-01-14 12:00:00,HEDGE_CLOSE,SHORT,96589.0,9.485961673357776,-9796.047136182795,115072.56036757198,Hedge Close Trend Up
2025-01-17 15:05:00,CLOSE,LONG,103764.2,9.485961673357776,12090.161855243481,127162.72222281546,Take Profit
2025-01-17 17:36:00,OPEN,LONG,104439.0,0.974063116060594,-40.69207111130527,127122.03015170415,entry
2025-01-17 19:51:00,CLOSE,LONG,105759.7,0.974063116060594,1204.546437095676,128326.57658879983,Take Profit
2025-01-17 20:08:00,OPEN,LONG,105232.0,0.9755707510171798,-41.0645045084093,128285.51208429142,entry
2025-01-17 22:15:00,ADD,LONG,104336.2,0.9755707510171798,-40.714937996905064,128244.79714629451,adx=34.05614678527862
2025-01-18 03:37:00,ADD,LONG,103685.1,2.92671225305154,-121.38258105155546,128123.41456524296,adx=50.603310077487826
2025-01-19 02:31:00,CLOSE,LONG,105416.7,4.8778537550859,5893.3421296366,134016.75669487956,Take Profit
2025-01-19 02:57:00,OPEN,LONG,104838.2,1.0226559150758374,-42.88536214234773,133973.8713327372,entry
2025-01-19 09:16:00,ADD,LONG,103748.4,1.0226559150758374,-42.439565975859296,133931.43176676135,adx=22.134918983468935
2025-01-19 14:28:00,CLOSE,LONG,105573.2,2.045311830151675,2446.0976373300946,136377.52940409145,Take Profit
2025-01-19 15:05:00,OPEN,LONG,104648.6,1.0425559780376723,-43.640809409320354,136333.88859468212,entry
2025-01-19 19:56:00,CLOSE,LONG,105910.9,1.0425559780376723,1228.2103848939005,137562.09897957603,Take Profit
2025-01-19 20:16:00,OPEN,LONG,105653.1,1.0416133476789684,-44.01987167345942,137518.07910790257,entry
2025-01-19 21:26:00,ADD,LONG,104907.6,3.1248400430369054,-131.127787719568,137386.951320183,adx=51.59122589892132
2025-01-19 21:47:00,ADD,LONG,103946.5,1.0416133476789682,-43.30882473781821,137343.64249544518,adx=27.923846739143265
2025-01-19 22:48:00,PARTIAL_CLOSE,LONG,101187.8,4.166453390715874,-15487.353553540903,121856.28894190428,Stop Loss
2025-01-19 22:48:00,ADD,LONG,101187.8,3.1248400430369054,-126.47827572272217,121729.81066618155,adx=60.82313341345684
2025-01-19 22:59:00,CLOSE,LONG,103396.7,4.166453390715874,4856.346159232882,126586.15682541444,Take Profit
2025-01-20 00:39:00,OPEN,LONG,99883.0,1.0138754889253583,-40.50757018412696,126545.64925523031,entry
2025-01-20 02:12:00,CLOSE,LONG,101090.5,1.0138754889253583,1142.749810647947,127688.39906587826,Take Profit
2025-01-20 10:56:00,OPEN,LONG,107824.1,0.9473829992803335,-40.860287701085326,127647.53877817717,entry
2025-01-20 12:13:00,ADD,LONG,107111.0,0.9473829992803335,-40.59005617436196,127606.94872200281,adx=36.313189885365446
2025-01-20 12:20:00,ADD,LONG,105776.6,2.8421489978410004,-120.2531430740055,127486.6955789288,adx=55.28348659327128
2025-01-20 13:31:00,CLOSE,LONG,107798.8,4.7369149964016675,5969.077952582156,133455.77353151096,Take Profit
2025-01-20 14:30:00,OPEN,LONG,107359.6,0.9944580533572105,-42.70584753007279,133413.0676839809,entry
2025-01-20 15:17:00,ADD,LONG,106812.2,0.9944580533572105,-42.488100994727574,133370.57958298616,adx=31.547406504566975
2025-01-20 15:45:00,ADD,LONG,106019.1,0.9944580533572105,-42.17261912187678,133328.40696386428,adx=20.87587191205775
2025-01-20 16:13:00,ADD,LONG,103813.4,0.9944580533572105,-41.295228670554934,133287.11173519373,adx=33.42525815911828
2025-01-20 17:05:00,ADD,LONG,103139.8,0.99445805335721,-41.02728189266054,133246.08445330107,adx=29.711597065394297
2025-01-20 17:39:00,ADD,LONG,101571.7,0.9944580533572105,-40.403518023274955,117701.090676124,adx=37.24324582157699
2025-01-20 17:39:00,PARTIAL_CLOSE,LONG,101571.7,3.977832213428842,-15504.590259153789,117741.49419414728,Stop Loss
2025-01-21 01:30:00,ADD,LONG,100213.5,0.9944580533572105,-39.86324885203794,117661.22742727197,adx=29.562793059619565
2025-01-21 11:16:00,CLOSE,LONG,103761.2,2.983374160071631,3633.2473665369907,121294.47479380896,Take Profit
2025-01-21 14:35:00,OPEN,LONG,103895.1,0.9339764804600714,-38.814231934025884,121255.66056187493,entry
2025-01-21 14:41:00,ADD,LONG,103350.6,2.8019294413802145,-115.83243556972593,121139.8281263052,adx=51.18254268492108
2025-01-21 16:08:00,CLOSE,LONG,104799.9,3.7359059218402857,4594.642564601527,125734.47069090673,Take Profit
2025-01-21 16:37:00,OPEN,LONG,104809.0,0.9597227008436813,-40.23503062108648,125694.23566028565,entry
2025-01-21 17:47:00,CLOSE,LONG,106141.3,0.9597227008436813,1197.6570376701275,126891.89269795577,Take Profit
2025-01-21 20:33:00,OPEN,LONG,106408.9,0.9539945827685902,-40.605405663343845,126851.28729229243,entry
2025-01-21 21:17:00,ADD,LONG,105730.3,0.9539945827685902,-40.346453373800614,126810.94083891863,adx=14.752333346635655
2025-01-22 08:25:00,ADD,LONG,104760.3,0.9539945827685903,-39.976303475690656,126770.96453544294,adx=18.70194803388168
2025-01-22 13:51:00,ADD,LONG,104133.1,1.9079891655371801,-79.47393062952324,126691.49060481341,adx=58.31380666881138
2025-01-23 04:21:00,PARTIAL_CLOSE,LONG,101819.7,3.8159783310743607,-12417.834115758204,114273.65648905521,Stop Loss
2025-01-23 10:40:00,ADD,LONG,101589.0,0.9539945827685901,-38.76614226754464,114234.89034678767,adx=36.90378377896117
2025-01-23 14:37:00,CLOSE,LONG,104751.0,1.9079891655371801,2428.2570944903564,116663.14744127802,Take Profit
2025-01-23 15:11:00,OPEN,LONG,102640.3,0.909297010560398,-37.33220718121447,116625.81523409681,entry
2025-01-23 15:22:00,CLOSE,LONG,104078.4,0.909297010560398,1232.472552512132,117858.28778660894,Take Profit
2025-01-23 17:01:00,OPEN,LONG,104519.8,0.9020934811326384,-37.714652091715834,117820.57313451722,entry
2025-01-23 17:47:00,CLOSE,LONG,105853.2,0.9020934811326384,1126.941002979729,118947.51413749695,Take Profit
2025-01-23 18:11:00,OPEN,LONG,105399.9,0.9028282883569867,-38.063204524005414,118909.45093297295,entry
2025-01-23 19:17:00,ADD,LONG,104526.9,1.8056565767139734,-75.49587377140415,118833.95505920154,adx=40.660926876625616
2025-01-23 19:49:00,ADD,LONG,103905.7,0.9028282883569867,-37.52360211261839,118796.43145708893,adx=22.35192483571816
2025-01-23 20:25:00,CLOSE,LONG,106077.2,3.611313153427947,5066.972743287479,123863.4042003764,Take Profit
2025-01-23 20:53:00,OPEN,LONG,103048.8,0.9615902694674866,-39.636289344125544,123823.76791103228,entry
2025-01-23 22:31:00,CLOSE,LONG,104559.0,0.9615902694674866,1372.34016881157,125196.10807984385,Take Profit
2025-01-24 00:00:00,OPEN,LONG,103810.9,0.9648012536629111,-40.06275458555319,125156.0453252583,entry
2025-01-24 01:49:00,ADD,LONG,103169.2,2.8944037609887334,-119.44532819927554,125036.59999705902,adx=66.20837240886267
2025-01-24 04:45:00,CLOSE,LONG,104723.0,3.8592050146516446,5056.152693805663,130092.75269086468,Take Profit
2025-01-24 07:27:00,OPEN,LONG,104643.9,0.9945558427456522,-41.62968086107867,130051.1230100036,entry
2025-01-24 14:43:00,CLOSE,LONG,105919.4,0.9945558427456522,1184.7891933089559,131235.91220331256,Take Profit
2025-01-24 16:58:00,OPEN,LONG,105605.9,0.9941559113898946,-41.995491905050585,131193.9167114075,entry
2025-01-24 18:06:00,CLOSE,LONG,106918.1,0.9941559113898946,1220.0185905609396,132413.93530196845,Take Profit
2025-01-24 18:46:00,OPEN,LONG,106376.4,0.9958143746317302,-42.37245929663186,132371.56284267182,entry
2025-01-24 19:45:00,ADD,LONG,105698.0,2.9874431238951904,-126.30670532377553,132245.25613734804,adx=67.93065039702113
2025-01-24 22:26:00,ADD,LONG,104921.2,0.9958143746317298,-41.79281566545251,132203.4633216826,adx=22.016987860251525
2025-01-27 00:00:00,PARTIAL_CLOSE,LONG,102487.8,3.9832574985269207,-12871.956833343022,119331.50648833957,Stop Loss
2025-01-27 00:47:00,ADD,LONG,101970.9,0.9958143746317303,-40.617635205650004,119290.88885313392,adx=35.24650767134681
2025-01-27 01:59:00,ADD,LONG,101244.1,0.9958143746317303,-40.32813205066486,119250.56072108325,adx=19.818562216992415
2025-01-27 06:37:00,ADD,LONG,99334.1,1.9916287492634601,-79.1346597368829,119171.42606134637,adx=20
2025-01-27 08:00:00,HEDGE_OPEN,SHORT,99001.6,4.9790718731586505,-197.174432783082,118974.25162856329,trend_bearish_confirmed
2025-01-27 16:00:00,HEDGE_CLOSE,SHORT,101000.0,4.9790718731586505,-10348.506167778905,108625.74546078438,Hedge Close Trend Up
2025-01-28 00:08:00,CLOSE,LONG,102740.0,4.9790718731586505,5537.6142774110485,114163.35973819543,Take Profit
2025-01-28 00:52:00,OPEN,LONG,101835.9,0.8968417600331157,-36.532275116216624,114126.82746307921,entry
2025-01-28 01:59:00,ADD,LONG,101319.6,0.8968417600331157,-36.34705935594684,114090.48040372327,adx=20.501929780927707
2025-01-28 04:13:00,CLOSE,LONG,102801.9,1.7936835200662313,2049.1007170723315,116139.5811207956,Take Profit
2025-01-28 05:18:00,OPEN,LONG,102802.0,0.9037923863021778,-37.16466595865495,116102.41645483694,entry
2025-01-28 14:05:00,ADD,LONG,102072.9,1.8075847726043555,-73.80216789423139,116028.61428694271,adx=44.429548471213984
2025-01-28 15:31:00,CLOSE,LONG,103646.3,2.7113771589065334,3383.7492749476805,119412.3635618904,Take Profit
2025-01-28 15:45:00,OPEN,LONG,102792.0,0.9293514169343171,-38.21195633980096,119374.15160555059,entry
2025-01-28 18:50:00,ADD,LONG,102246.5,2.7880542508029516,-114.0275155818963,119260.1240899687,adx=77.46069459770045
2025-01-28 20:48:00,ADD,LONG,101580.8,0.9293514169343169,-37.76170416532841,119222.36238580337,adx=12.830442392714982
2025-01-29 19:40:00,CLOSE,LONG,103825.4,4.646757084671585,7065.491060008921,126287.85344581229,Take Profit
2025-01-29 21:44:00,OPEN,LONG,103850.0,0.9728481729094833,-40.41211310266226,126247.44133270963,entry
2025-01-30 03:51:00,CLOSE,LONG,105104.1,0.9728481729094833,1138.7366478830081,127386.17798059263,Take Profit
2025-01-30 04:35:00,OPEN,LONG,104832.7,0.9721102517103358,-40.76357695378829,127345.41440363885,entry
2025-01-30 14:52:00,CLOSE,LONG,106136.1,0.9721102517103358,1185.0145287708438,128530.42893240969,Take Profit
2025-01-30 15:25:00,OPEN,LONG,105641.0,0.973337465055497,-41.12973725836491,128489.29919515132,entry
2025-01-30 17:38:00,ADD,LONG,104964.2,0.973337465055497,-40.866235339824925,128448.4329598115,adx=25.833231756016065
2025-01-31 01:27:00,ADD,LONG,104399.9,2.9200123951664905,-121.93960082165722,128326.49335898984,adx=61.73220269124813
2025-01-31 20:58:00,PARTIAL_CLOSE,LONG,101607.2,3.893349860221988,-12437.005873337912,115889.48748565193,Stop Loss
2025-01-31 22:52:00,ADD,LONG,102099.9,0.9733374650554971,-39.751063139367034,115849.73642251256,adx=23.339899187579302
2025-02-01 09:48:00,ADD,LONG,101484.1,2.920012395166491,-118.53393196492107,115731.20249054764,adx=56.58304601840825
2025-02-02 04:00:00,HEDGE_OPEN,SHORT,99084.1,4.866687325277485,-192.88453344261507,115538.31795710503,trend_bearish_confirmed
2025-02-03 20:00:00,HEDGE_CLOSE,SHORT,101830.0,4.866687325277485,-13754.55116805523,101783.7667890498,Hedge Close Trend Up
2025-02-04 08:00:00,HEDGE_OPEN,SHORT,98301.0,4.866687325277485,-191.36009230483614,101592.40669674496,trend_bearish_confirmed
2025-03-24 12:00:00,HEDGE_CLOSE,SHORT,87532.3,4.866687325277485,52046.13877342583,153638.5454701708,Hedge Close Trend Up
2025-03-25 04:00:00,HEDGE_OPEN,SHORT,86375.8,4.866687325277485,-168.14560442828224,153470.3998657425,trend_bearish_confirmed
2025-03-25 16:00:00,HEDGE_CLOSE,SHORT,87795.9,4.866687325277485,-7250.238352551329,146220.16151319118,Hedge Close Trend Up
2025-03-26 16:00:00,HEDGE_OPEN,SHORT,86624.5,4.866687325277485,-168.6297424834047,146051.53177070778,trend_bearish_confirmed
2025-03-27 04:00:00,HEDGE_CLOSE,SHORT,87610.0,4.866687325277485,-5135.298292171385,140916.2334785364,Hedge Close Trend Up
2025-03-28 08:00:00,HEDGE_OPEN,SHORT,85217.9,4.866687325277485,-165.8915495267138,140750.34192900968,trend_bearish_confirmed
2025-04-02 16:00:00,HEDGE_CLOSE,SHORT,86699.1,4.866687325277485,-7543.203780160955,133207.13814884872,Hedge Close Trend Up
2025-04-03 00:00:00,HEDGE_OPEN,SHORT,82487.7,4.866687325277485,-160.57673763250932,133046.56141121621,trend_bearish_confirmed
2025-04-12 16:00:00,HEDGE_CLOSE,SHORT,84993.0,4.866687325277485,-12518.542235985136,120528.01917523108,Hedge Close Trend Up
2025-04-16 08:00:00,HEDGE_OPEN,SHORT,83294.2,4.866687325277485,-162.14673096365004,120365.87244426743,trend_bearish_confirmed
2025-04-16 16:00:00,HEDGE_CLOSE,SHORT,84910.0,4.866687325277485,-8191.032279462743,112174.84016480469,Hedge Close Trend Up
2025-05-08 21:21:00,CLOSE,LONG,103599.8,4.866687325277485,5943.663388668705,118118.50355347339,Take Profit
2025-05-08 23:26:00,OPEN,LONG,102765.3,0.9195205272867272,-37.79792113711301,118080.70563233628,entry
2025-05-09 07:47:00,CLOSE,LONG,104049.9,0.9195205272867272,1105.1477406505583,119185.85337298684,Take Profit
2025-05-09 08:39:00,OPEN,LONG,103259.4,0.9233898579537503,-38.1394730793545,119147.71389990748,entry
2025-05-09 09:11:00,ADD,LONG,102636.7,0.9233898579537503,-37.909475133536034,119109.80442477395,adx=22.240015839515348
2025-05-10 23:15:00,CLOSE,LONG,104444.3,1.8467797159075006,2610.040955840872,121719.84538061482,Take Profit
2025-05-11 00:29:00,OPEN,LONG,103891.7,0.9372825384943346,-38.95035052180174,121680.89503009302,entry
2025-05-12 07:01:00,CLOSE,LONG,105270.0,0.9372825384943346,1213.4390791540209,122894.33410924704,Take Profit
2025-05-12 07:43:00,OPEN,LONG,104664.9,0.9393356061812282,-39.32618691495736,122855.00792233208,entry
2025-05-12 11:50:00,ADD,LONG,103932.8,0.9393356061812282,-39.0511118760478,122815.95681045603,adx=38.597323349319815
2025-05-12 14:26:00,ADD,LONG,103355.2,0.9393356061812284,-38.834087777591776,122777.12272267844,adx=35.8212459249969
2025-05-12 15:41:00,ADD,LONG,102601.7,0.9393356061812281,-38.55097202588513,122738.57175065255,adx=27.981891175204087
2025-05-12 18:05:00,ADD,LONG,102043.8,0.9393356061812281,-38.34134989201266,122700.23040076054,adx=24.0393273703416
2025-05-13 19:27:00,CLOSE,LONG,104591.8,4.696678030906141,5584.140744480697,128284.37114524124,Take Profit
2025-05-13 21:07:00,OPEN,LONG,104372.3,0.9832828913053846,-41.05099876647,128243.32014647477,entry
2025-05-14 01:50:00,ADD,LONG,103766.3,0.9832828913053846,-40.81265099362645,128202.50749548114,adx=24.714356762999305
2025-05-14 08:59:00,ADD,LONG,103156.5,0.9832828913053846,-40.572808630779036,128161.93468685036,adx=34.23431960431774
2025-05-14 17:25:00,ADD,LONG,102560.5,1.9665657826107688,-80.67678797898407,128081.25789887138,adx=71.12888147764878
2025-05-18 13:58:00,CLOSE,LONG,104726.2,4.9164144565269225,6685.223524646484,134766.48142351786,Take Profit
2025-05-18 15:03:00,OPEN,LONG,104986.4,1.0269252506878443,-43.125274055521004,134723.35614946234,entry
2025-05-18 18:04:00,ADD,LONG,104307.2,3.0807757520635333,-128.5388370102446,134594.8173124521,adx=66.95159975295672
2025-05-18 20:00:00,ADD,LONG,103407.9,1.0269252506878441,-42.47687345225131,134552.34043899985,adx=34.996049531584994
2025-05-18 22:53:00,CLOSE,LONG,105520.3,5.1346262534392215,6023.977450145147,140576.317889145,Take Profit
2025-05-19 00:31:00,OPEN,LONG,105835.3,1.0626043891907142,-44.98442172454088,140531.33346742045,entry
2025-05-19 01:20:00,ADD,LONG,104704.6,2.1252087783814284,-89.00765402277466,140442.32581339768,adx=46.52714304686916
2025-05-19 03:12:00,ADD,LONG,104160.0,2.125208778381428,-88.54469854247873,140353.7811148552,adx=58.33613752685087
2025-05-20 00:15:00,CLOSE,LONG,106162.9,5.313021945953571,7255.726720324397,147609.5078351796,Take Profit
2025-05-20 02:30:00,OPEN,LONG,106336.4,1.110509724498325,-47.23504250726546,147562.27279267233,entry
2025-05-20 03:33:00,ADD,LONG,105699.6,1.110509724498325,-46.952173470228445,147515.3206192021,adx=26.612478177858097
2025-05-20 07:38:00,ADD,LONG,105155.3,1.1105097244983253,-46.71039329300402,147468.6102259091,adx=35.43086473716669
2025-05-20 13:32:00,ADD,LONG,104449.5,1.1105097244983249,-46.3968741876015,147422.2133517215,adx=29.475542867737676
2025-05-20 19:47:00,CLOSE,LONG,106693.7,4.4420388979933,5324.487415887968,152746.70076760947,Take Profit
2025-05-20 21:11:00,OPEN,LONG,106604.2,1.1462715410282858,-48.87894424563274,152697.82182336383,entry
2025-05-20 22:18:00,ADD,LONG,106059.9,2.2925430820565715,-97.25875601143343,152600.5630673524,adx=40.560505214579834
2025-05-21 04:42:00,CLOSE,LONG,107577.2,3.4388146230848573,4299.684908179712,156900.2479755321,Take Profit
2025-05-21 07:14:00,OPEN,LONG,107392.7,1.1687963742454162,-50.208079352159984,156850.03989617995,entry
2025-05-21 07:24:00,ADD,LONG,106791.6,3.5063891227362483,-149.78116185584804,156700.2587343241,adx=72.58609455057916
2025-05-21 14:51:00,CLOSE,LONG,108281.4,4.675185496981665,5860.044359287189,162560.3030936113,Take Profit
2025-05-21 15:35:00,OPEN,LONG,108374.6,1.1999882119508543,-52.01929698995082,162508.28379662134,entry
2025-05-21 17:25:00,ADD,LONG,107600.0,2.399976423901708,-103.29498528473778,162404.9888113366,adx=48.86612213677597
2025-05-21 23:13:00,CLOSE,LONG,109199.9,3.5999646358525625,4517.511958353221,166922.50076968982,Take Profit
2025-05-22 05:55:00,OPEN,LONG,110929.8,1.2038063767874085,-53.41520024629426,166869.08556944353,entry
2025-05-23 11:44:00,ADD,LONG,110326.8,1.2038063767874085,-53.124842148215976,166815.9607272953,adx=21.24180245640096
2025-05-23 11:51:00,ADD,LONG,109377.0,2.407612753574817,-105.33498405909631,166710.62574323622,adx=46.95156417977514
2025-05-23 12:00:00,ADD,LONG,108608.7,1.2038063767874085,-52.29753825382795,166658.3282049824,adx=77.87720029345162
2025-05-29 14:34:00,PARTIAL_CLOSE,LONG,106423.5,4.815225507149634,-16096.958915480413,150561.36928950198,Stop Loss
2025-05-29 17:43:00,ADD,LONG,106152.7,1.2038063767874085,-51.11491886927979,150510.2543706327,adx=16.54391042427215
2025-05-29 23:48:00,ADD,LONG,105294.7,1.2038063767874085,-50.701772520755185,150459.55259811194,adx=28.89272106714335
2025-05-30 00:58:00,ADD,LONG,104577.9,2.407612753574817,-100.71323431283236,150358.8393637991,adx=65.1671693110249
2025-06-05 20:00:00,HEDGE_OPEN,SHORT,101855.1,6.019031883937043,-245.2276377766393,150113.61172602247,trend_bearish_confirmed
2025-06-06 12:00:00,HEDGE_CLOSE,SHORT,103949.9,6.019031883937043,-13104.166733220714,137009.44499280176,Hedge Close Trend Up
2025-06-09 10:17:00,CLOSE,LONG,107374.7,6.019031883937043,7155.427029714658,144164.8720225164,Take Profit
2025-06-09 12:11:00,OPEN,LONG,107520.5,1.0726503096433995,-46.13275904720649,144118.7392634692,entry
2025-06-09 13:55:00,ADD,LONG,106843.7,2.1453006192867994,-91.68474231075379,144027.05452115845,adx=42.17804620329748
2025-06-09 18:09:00,CLOSE,LONG,108412.4,3.2179509289301986,4044.6660779731756,148071.72059913163,Take Profit
2025-06-09 20:49:00,OPEN,LONG,108553.2,1.0912379964782735,-47.38295059170923,148024.33764853992,entry
2025-06-09 21:26:00,CLOSE,LONG,109921.9,1.0912379964782735,1398.2141136180435,149422.55176215796,Take Profit
2025-06-09 23:11:00,OPEN,LONG,109890.2,1.0877952848363763,-47.81521656390396,149374.73654559406,entry
2025-06-10 04:17:00,ADD,LONG,109339.8,2.175590569672752,-95.15145510795992,149279.5850904861,adx=43.397551550068634
2025-06-10 15:32:00,ADD,LONG,108594.5,1.0877952848363766,-47.25143402366666,149232.33365646243,adx=28.950634554437364
2025-06-12 03:20:00,ADD,LONG,107816.8,1.0877952848363766,-46.913042666448746,149185.42061379598,adx=41.248444579546565
2025-06-12 22:19:00,PARTIAL_CLOSE,LONG,105719.0,4.351181139345505,-14443.77886103408,134741.6417527619,Stop Loss
2025-06-13 17:15:00,ADD,LONG,105229.6,2.1755905696727527,-91.57461016418529,134650.06714259772,adx=44.900919117914874
2025-06-16 16:41:00,CLOSE,LONG,107799.9,3.263385854509129,3821.146360037208,138471.21350263493,Take Profit
2025-06-16 19:40:00,OPEN,LONG,108386.6,1.0220541174103435,-44.31078832084313,138426.90271431408,entry
2025-06-16 22:42:00,ADD,LONG,107759.5,3.0661623522310304,-132.16324879808235,138294.739465516,adx=60.852164129082766
2025-06-16 23:42:00,ADD,LONG,107020.3,1.0220541174103435,-43.75221530458657,138250.98725021142,adx=64.1921135743102
2025-06-17 15:16:00,PARTIAL_CLOSE,LONG,104495.6,4.088216469641374,-13422.752175183123,124828.2350750283,Stop Loss
2025-06-17 16:00:00,HEDGE_OPEN,SHORT,104217.6,5.110270587051717,-213.03205437325232,124615.20302065504,trend_bearish_confirmed
2025-06-20 08:00:00,HEDGE_CLOSE,SHORT,105797.0,5.110270587051717,-8500.453938482024,116114.74908217302,Hedge Close Trend Up
2025-06-20 16:00:00,HEDGE_OPEN,SHORT,104196.0,5.110270587051717,-212.9879016353807,115901.76118053764,trend_bearish_confirmed
2025-06-21 21:31:00,ADD,LONG,101200.1,4.088216469641374,-165.491166219741,115736.2700143179,adx=20
2025-06-23 20:25:00,CLOSE,LONG,103750.2,5.110270587051717,5752.759642783931,121489.02965710183,Take Profit
2025-06-24 00:00:00,HEDGE_CLOSE,SHORT,105267.4,5.110270587051717,-5903.309767800718,115585.71988930111,Hedge Close Trend Up
2025-06-24 02:08:00,OPEN,LONG,105066.9,0.8800923593580937,-36.98743036457745,115548.73245893653,entry
2025-06-25 00:13:00,CLOSE,LONG,106342.7,0.8800923593580937,1048.3978426070826,116597.13030154361,Take Profit
2025-06-25 00:34:00,OPEN,LONG,105869.0,0.8810672079762244,-37.311081696490874,116559.81921984712,entry
2025-06-25 11:44:00,CLOSE,LONG,107147.3,0.8810672079762244,1051.1955412782409,117611.01476112536,Take Profit
2025-06-25 14:17:00,OPEN,LONG,107540.0,0.874919209679192,-37.63552472356241,117573.3792364018,entry
2025-06-25 15:19:00,ADD,LONG,106987.3,2.624757629037576,-112.32629275404906,117461.05294364775,adx=51.33656762501016
2025-06-27 13:51:00,ADD,LONG,106417.5,0.8749192096791916,-37.242685998411616,117423.81025764934,adx=39.61108305128039
2025-06-29 11:54:00,CLOSE,LONG,108389.8,4.37459604839596,5773.462936578246,123197.27319422759,Take Profit
2025-06-29 12:09:00,OPEN,LONG,108206.9,0.9108274847110682,-39.4231274221529,123157.85006680543,entry
2025-06-29 15:52:00,ADD,LONG,107609.3,0.9108274847110682,-39.205403220214066,123118.64466358522,adx=35.5807387060874
2025-06-30 14:51:00,ADD,LONG,107000.6,0.9108274847110684,-38.98363494423393,123079.66102864099,adx=14.682315100314014
2025-07-01 09:41:00,ADD,LONG,106452.9,0.910827484711068,-38.784090858884156,123040.8769377821,adx=25.77211866705078
2025-07-01 14:45:00,ADD,LONG,105812.1,0.910827484711068,-38.55062755799736,123002.3263102241,adx=57.89484433326091
2025-07-02 15:10:00,CLOSE,LONG,108350.0,4.554137423555341,5681.256633609984,128683.58294383409,Take Profit
2025-07-02 17:38:00,OPEN,LONG,108988.2,0.9445689198928625,-41.178746542020235,128642.40419729207,entry
2025-07-03 13:51:00,CLOSE,LONG,110329.9,0.9445689198928625,1184.4636954882735,129826.86789278034,Take Profit
2025-07-03 14:30:00,OPEN,LONG,109727.0,0.9465445543414499,-41.54459772568953,129785.32329505465,entry
2025-07-04 02:33:00,ADD,LONG,109150.7,0.9465445543414499,-41.326400275022024,129743.99689477963,adx=21.277635116840695
2025-07-04 08:12:00,ADD,LONG,108543.9,2.83963366302435,-123.28996494237799,129620.70692983725,adx=56.504019299060396
2025-07-09 19:28:00,CLOSE,LONG,110221.7,4.73272277170725,5831.521705801089,135452.22863563834,Take Profit
2025-07-09 20:25:00,OPEN,LONG,110930.0,0.976848308920136,-43.3447131634166,135408.88392247492,entry
2025-07-10 16:25:00,CLOSE,LONG,112317.4,0.976848308920136,1268.0478057314758,136676.9317282064,Take Profit
2025-07-10 18:09:00,OPEN,LONG,113385.2,0.9643370156119593,-43.7366181530233,136633.19511005338,entry
2025-07-10 21:17:00,CLOSE,LONG,114945.9,0.9643370156119593,1416.9655276474368,138050.1606377008,Take Profit
2025-07-10 22:25:00,OPEN,LONG,115847.2,0.9533258335994367,-44.17605140406522,138005.98458629675,entry
2025-07-11 05:08:00,CLOSE,LONG,117258.0,0.9533258335994367,1256.0620023995289,139262.04658869628,Take Profit
2025-07-11 07:07:00,OPEN,LONG,117455.0,0.9485303926691672,-44.563854908396024,139217.48273378788,entry
2025-07-11 15:55:00,ADD,LONG,116803.9,0.9485303926691672,-44.316819652915,139173.16591413497,adx=29.236271542679756
2025-07-13 13:42:00,CLOSE,LONG,118545.5,1.8970607853383343,2507.4970427856897,141680.66295692066,Take Profit
2025-07-13 14:50:00,OPEN,LONG,118411.9,0.9572055711084488,-45.33781214620103,141635.32514477446,entry
2025-07-14 02:27:00,CLOSE,LONG,119848.1,0.9572055711084488,1283.5131214770372,142918.8382662515,Take Profit
2025-07-14 05:49:00,OPEN,LONG,121897.4,0.9379615202047067,-45.73402824520599,142873.1042380063,entry
2025-07-14 13:35:00,ADD,LONG,121168.7,0.9379615202047067,-45.46063122129999,142827.643606785,adx=36.473630862211486
2025-07-14 15:09:00,ADD,LONG,120559.6,1.8759230404094134,-90.46421255302266,142737.17939423196,adx=42.238562671094414
2025-07-14 16:12:00,ADD,LONG,119450.0,0.9379615202047065,-44.81580143538304,142692.36359279658,adx=24.835845732744428
2025-07-15 03:37:00,PARTIAL_CLOSE,LONG,117019.1,3.7518460808188268,-14087.310254519427,128605.05333827715,Stop Loss
2025-07-15 03:37:00,ADD,LONG,117019.1,0.9379615202047067,-43.90376517159166,128561.14957310556,adx=16.970979659278985
2025-07-15 11:22:00,ADD,LONG,116388.3,2.8138845606141203,-131.00129616244521,128430.14827694312,adx=82.98565485771209
2025-07-16 09:08:00,CLOSE,LONG,118871.4,4.689807601023533,6359.631868858283,134789.7801458014,Take Profit
2025-07-16 09:43:00,OPEN,LONG,118853.9,0.9072636582951097,-43.13272964666248,134746.64741615474,entry
2025-07-17 01:34:00,ADD,LONG,118228.4,2.7217909748853293,-128.71719683805713,134617.93021931668,adx=59.01109985434518
2025-07-17 12:26:00,ADD,LONG,117549.8,0.9072636582951095,-42.659464631957235,134575.27075468472,adx=36.45245339161189
2025-07-17 18:21:00,CLOSE,LONG,119677.4,4.536318291475548,6189.633602008311,140764.90435669303,Take Profit
2025-07-17 19:46:00,OPEN,LONG,119335.6,0.943657412250447,-45.04476939415326,140719.85958729888,entry
2025-07-17 20:03:00,ADD,LONG,118734.3,2.830972236751341,-134.45340274003684,140585.40618455884,adx=71.50711322367103
2025-07-17 21:15:00,CLOSE,LONG,120336.2,3.774629649001788,5117.970025268296,145703.37620982714,Take Profit
2025-07-17 22:51:00,OPEN,LONG,119674.3,0.9739994382073821,-46.62508038713713,145656.75112944,entry
2025-07-18 08:31:00,ADD,LONG,118884.5,0.9739994382073821,-46.31737448461354,145610.4337549554,adx=35.89539613169569
2025-07-18 14:18:00,ADD,LONG,118212.8,1.9479988764147642,-92.11136063112644,145518.32239432426,adx=48.26240116404107
2025-07-18 17:04:00,ADD,LONG,117343.0,0.973999438207382,-45.716806431039004,145472.60558789322,adx=50.78332388403998
2025-07-22 18:54:00,CLOSE,LONG,120034.2,4.86999719103691,7175.064884858148,152647.67047275137,Take Profit
2025-07-22 19:25:00,OPEN,LONG,119454.5,1.0222983343298169,-48.84725455127773,152598.8232182001,entry
2025-07-23 03:20:00,ADD,LONG,118846.2,1.0222983343298169,-48.59850892057875,152550.22470927952,adx=30.6538489552419
2025-07-23 09:09:00,ADD,LONG,118204.6,1.0222983343298169,-48.33614627603674,152501.88856300348,adx=33.64393309238663
2025-07-23 13:49:00,ADD,LONG,117394.5,1.0222983343298169,-48.0048807238054,152453.88368227967,adx=35.18690599268299
2025-07-25 02:38:00,ADD,LONG,116796.0,1.0222983343298164,-47.76014250254957,152406.12353977712,adx=43.06844713323913
2025-07-27 22:05:00,CLOSE,LONG,119586.1,5.111491671649084,6909.969484723697,159316.09302450082,Take Profit
2025-07-27 22:51:00,OPEN,LONG,119560.0,1.066016012208102,-50.981149767845636,159265.11187473297,entry
2025-07-28 07:07:00,ADD,LONG,118930.6,2.132032024416204,-101.4255391532206,159163.68633557975,adx=47.96845328879224
2025-07-28 16:52:00,ADD,LONG,118055.9,1.066016012208102,-50.339791894250084,159113.3465436855,adx=27.136273526160263
2025-07-29 02:18:00,ADD,LONG,117412.4,1.0660160122081024,-50.065399372717366,159063.2811443128,adx=28.06558629652658
2025-08-01 00:50:00,PARTIAL_CLOSE,LONG,114867.0,4.264064048832409,-16019.435376851121,143043.84576746167,Stop Loss
2025-08-01 20:00:00,HEDGE_OPEN,SHORT,113289.9,5.33008006104051,-241.53769484290387,142802.30807261876,trend_bearish_confirmed
2025-08-06 16:00:00,HEDGE_CLOSE,SHORT,115352.7,5.33008006104051,-11482.362495260168,131319.9455773586,Hedge Close Trend Up
2025-08-06 16:13:00,ADD,LONG,115093.8,1.066016012208102,-49.076733482361306,131270.86884387623,adx=38.89344842618594
2025-08-10 03:27:00,CLOSE,LONG,118268.3,2.1320320244162034,2651.279938475287,133922.14878235152,Take Profit
2025-08-10 05:09:00,OPEN,LONG,118236.1,0.9061337360237798,-42.85508761033998,133879.29369474118,entry
2025-08-10 07:42:00,ADD,LONG,117640.8,2.7184012080713393,-127.91795713538886,133751.3757376058,adx=70.21324799760907
2025-08-10 23:33:00,CLOSE,LONG,119233.0,3.624534944095119,4887.92441019183,138639.30014779762,Take Profit
2025-08-11 05:23:00,OPEN,LONG,121943.1,0.9095343657676251,-44.36457604728639,138594.93557175033,entry
2025-08-11 08:05:00,ADD,LONG,121209.7,0.9095343657676251,-44.09775504574645,138550.8378167046,adx=39.79566312340746
2025-08-11 11:30:00,ADD,LONG,120447.3,2.728603097302875,-131.46115033671958,138419.37666636787,adx=65.44485703152603
2025-08-13 19:23:00,CLOSE,LONG,122488.9,4.5476718288381255,6787.877091599454,145207.25375796732,Take Profit
2025-08-13 22:57:00,OPEN,LONG,123044.5,0.944095859679822,-46.46632120254799,145160.78743676477,entry
2025-08-14 05:50:00,ADD,LONG,122266.5,0.944095859679822,-46.17251857102383,145114.61491819375,adx=37.858135505454456
2025-08-14 06:19:00,ADD,LONG,121525.7,0.9440958596798221,-45.89276408587466,145068.72215410788,adx=37.11927545277158
2025-08-14 10:55:00,ADD,LONG,120846.4,1.8881917193596438,-91.27246871776879,144977.4496853901,adx=58.74972084275369
2025-08-14 13:40:00,PARTIAL_CLOSE,LONG,117729.6,3.776383438719288,-15193.870312054278,129783.57937333583,Stop Loss
2025-08-14 15:24:00,ADD,LONG,118201.0,2.832287579039466,-133.9116896520136,129649.66768368382,adx=55.529002527242554
2025-08-14 16:15:00,ADD,LONG,117450.3,0.9440958596798219,-44.353736779259634,129605.31394690456,adx=43.502639142560824
2025-08-18 04:00:00,HEDGE_OPEN,SHORT,115228.0,4.72047929839911,-217.572555438368,129387.74139146619,trend_bearish_confirmed
2025-08-22 20:00:00,HEDGE_CLOSE,SHORT,116577.1,4.72047929839911,-6806.091091795606,122581.65029967058,Hedge Close Trend Up
2025-08-23 12:00:00,HEDGE_OPEN,SHORT,115210.0,4.72047929839911,-217.53856798743072,122364.11173168315,trend_bearish_confirmed
2025-09-10 16:00:00,HEDGE_CLOSE,SHORT,113808.9,4.72047929839911,6181.431954430169,128545.54368611332,Hedge Close Trend Up
2025-09-22 08:00:00,HEDGE_OPEN,SHORT,112505.9,4.72047929839911,-212.4327087591082,128333.11097735421,trend_bearish_confirmed
2025-09-29 16:00:00,HEDGE_CLOSE,SHORT,113812.7,4.72047929839911,-6596.055253605038,121737.05572374917,Hedge Close Trend Up
2025-10-02 18:24:00,CLOSE,LONG,120180.9,4.72047929839911,6110.854066956541,127847.90979070571,Take Profit
2025-10-02 20:15:00,OPEN,LONG,120541.1,0.8484934004465248,-40.91133113302931,127806.99845957269,entry
2025-10-03 01:54:00,ADD,LONG,119854.4,2.5454802013395743,-122.03480089736695,127684.96365867532,adx=51.323673030850934
2025-10-03 15:31:00,CLOSE,LONG,121623.8,3.393973601786099,5094.575154263759,132779.53881293908,Take Profit
2025-10-03 16:48:00,OPEN,LONG,123240.9,0.8619186572830227,-42.48945242015179,132737.04936051893,entry
2025-10-03 16:59:00,ADD,LONG,122527.1,2.585755971849068,-126.73007221534499,132610.31928830358,adx=74.15549840597544
2025-10-03 17:52:00,ADD,LONG,121820.1,0.8619186572830224,-41.999606808822136,132568.31968149476,adx=36.15148045879557
2025-10-05 02:34:00,CLOSE,LONG,124116.2,4.309593286415113,6417.338376226311,138985.65805772107,Take Profit
2025-10-05 03:18:00,OPEN,LONG,123410.4,0.9009656110520416,-44.47541057848139,138941.1826471426,entry
2025-10-05 04:45:00,CLOSE,LONG,124954.7,0.9009656110520416,1301.8538275134633,140243.03647465605,Take Profit
2025-10-05 07:30:00,OPEN,LONG,124699.9,0.8997154703389887,-44.877771671890514,140198.15870298416,entry
2025-10-05 09:29:00,ADD,LONG,123979.8,2.699146411016966,-133.85585288345465,140064.3028501007,adx=64.70979894437372
2025-10-05 09:39:00,ADD,LONG,123274.5,0.8997154703389887,-44.364789899322204,140019.93806020138,adx=74.31555639843664
2025-10-06 17:08:00,CLOSE,LONG,125517.3,4.498577351694943,6454.288761604985,146474.22682180637,Take Profit
2025-10-06 17:36:00,OPEN,LONG,125180.0,0.9360870862553532,-46.87175258298521,146427.35506922338,entry
2025-10-07 01:20:00,ADD,LONG,124454.0,0.9360870862553532,-46.59991289314348,146380.75515633024,adx=39.56580923430541
2025-10-07 07:17:00,ADD,LONG,123601.0,0.9360870862553532,-46.28051997930743,146334.47463635093,adx=17.167290380624884
2025-10-07 14:10:00,ADD,LONG,122781.1,0.9360870862553532,-45.973520858504344,146288.50111549243,adx=25.960198896825492
2025-10-07 15:07:00,ADD,LONG,122035.2,0.9360870862553536,-45.69422991544707,146242.80688557698,adx=29.758796266454883
2025-10-09 16:58:00,PARTIAL_CLOSE,LONG,119824.1,3.7443483450214132,-14356.167198197712,131886.63968737927,Stop Loss
2025-10-09 16:58:00,ADD,LONG,119824.1,2.8082612587660596,-134.59895115860854,131752.04073622066,adx=64.87438533855826
2025-10-10 13:38:00,CLOSE,LONG,122238.1,3.744348345021413,4945.5817240237375,136697.6224602444,Take Profit
2025-10-10 13:49:00,OPEN,LONG,121715.5,0.8984730619205896,-43.743239187286235,136653.8792210571,entry
2025-10-10 14:57:00,ADD,LONG,120788.0,0.8984730619205896,-43.40990568129928,136610.4693153758,adx=21.67173622514511
2025-10-10 15:04:00,ADD,LONG,119972.9,2.695419185761769,-129.35090257259435,136481.11841280322,adx=53.388923037712516
2025-10-10 19:11:00,PARTIAL_CLOSE,LONG,116750.0,3.5938922476823585,-13589.009733401632,122892.10867940159,Stop Loss
2025-10-10 21:12:00,ADD,LONG,112891.0,3.5938922476823585,-162.2872358932509,122729.82144350834,adx=20
2025-10-11 00:00:00,HEDGE_OPEN,SHORT,112492.8,4.492365309602948,-202.14350092003588,122527.6779425883,trend_bearish_confirmed
2025-10-13 19:53:00,CLOSE,LONG,115819.9,4.492365309602948,5748.2740642826975,128275.952006871,Take Profit
2025-10-26 14:53:00,OPEN,LONG,113540.8,0.9038227809342262,-41.0483046422014,128234.9037022288,entry
2025-10-26 16:00:00,HEDGE_CLOSE,SHORT,113644.9,4.492365309602948,-5582.011336662879,122652.89236556592,Hedge Close Trend Up
2025-10-26 22:03:00,CLOSE,LONG,115500.0,0.9038227809342262,1687.9646752849803,124340.8570408509,Take Profit
2025-10-27 02:17:00,OPEN,LONG,115059.8,0.8645303193007525,-39.78907425307261,124301.06796659782,entry
2025-10-27 20:56:00,ADD,LONG,114400.0,0.8645303193007525,-39.56090741119988,124261.50705918662,adx=22.0933854669651
2025-10-28 02:49:00,ADD,LONG,113611.3,0.8645303193007527,-39.2881653860677,124222.21889380056,adx=31.593056898711392
2025-10-28 14:13:00,CLOSE,LONG,115734.8,2.593590957902258,3334.6575293976784,127556.87642319823,Take Profit
2025-10-28 14:40:00,OPEN,LONG,115104.2,0.886548893424902,-40.81820045542554,127516.05822274281,entry
2025-10-28 15:43:00,ADD,LONG,114458.6,0.886548893424902,-40.58925806918705,127475.46896467362,adx=39.73661231778522
2025-10-28 19:20:00,ADD,LONG,113874.2,1.773097786849804,-80.76403679972282,127394.7049278739,adx=47.894173528930324
2025-10-29 16:00:00,HEDGE_OPEN,SHORT,111352.3,4.432744467124509,-197.4385166906286,127197.26641118327,trend_bearish_confirmed
2025-10-29 16:13:00,PARTIAL_CLOSE,LONG,110888.1,2.8369564589596865,-9884.11301649033,117313.15339469294,Stop Loss
2025-10-30 13:40:00,ADD,LONG,107505.5,2.8369564589596865,-121.99536903947592,117191.15802565347,adx=20
2025-10-31 04:40:00,CLOSE,LONG,110182.8,3.546195573699608,4215.128629548897,121406.28665520236,Take Profit
2026-01-03 03:10:00,OPEN,LONG,90176.8,1.077051185273395,-38.8500117296644,121367.4366434727,entry
2026-01-03 04:00:00,HEDGE_CLOSE,SHORT,90311.8,4.432744467124509,92909.58979113618,214277.02643460888,Hedge Close Trend Up
2026-01-04 00:06:00,CLOSE,LONG,91363.8,1.077051185273395,1200.248349557427,215477.2747841663,Take Profit
2026-01-04 01:18:00,OPEN,LONG,91125.7,1.8916926819473876,-68.95272793094045,215408.32205623537,entry
2026-01-05 00:49:00,CLOSE,LONG,92258.5,1.8916926819473876,2004.1468504600925,217412.46890669546,Take Profit
2026-01-05 04:14:00,OPEN,LONG,92715.9,1.875945497216296,-69.57199005014263,217342.89691664532,entry
2026-01-05 06:29:00,ADD,LONG,92239.9,3.7518909944325918,-138.42962005495792,217204.46729659036,adx=41.9389978850197
2026-01-05 14:55:00,CLOSE,LONG,93552.6,5.627836491648888,6076.109801340033,223280.5770979304,Take Profit
2026-01-05 17:22:00,OPEN,LONG,93350.9,1.9134733749577597,-71.44978467133478,223209.12731325906,entry
2026-01-05 20:25:00,CLOSE,LONG,94485.3,1.9134733749577597,2026.8763695308007,225236.00368278986,Take Profit
2026-01-05 21:29:00,OPEN,LONG,93790.7,1.9211798498809785,-72.07552117848536,225163.92816161137,entry
2026-01-06 07:23:00,ADD,LONG,93317.9,5.763539549642935,-215.13656293586246,224948.7915986755,adx=64.15645966699697
2026-01-06 16:29:00,ADD,LONG,92805.9,1.9211798498809785,-71.31873001201893,224877.4728686635,adx=56.80472301661586
2026-01-08 06:05:00,PARTIAL_CLOSE,LONG,90463.6,7.684719399523914,-22152.321334717097,202725.1515339464,Stop Loss
2026-01-10 04:38:00,ADD,LONG,90433.0,1.9211798498809785,-69.49522294572671,202655.65631100067,adx=26.2714995455969
2026-01-13 15:36:00,CLOSE,LONG,93090.3,3.842359699761957,4111.8521273433,206767.50843834397,Take Profit
2026-01-13 17:17:00,OPEN,LONG,93056.3,1.7775691355735739,-66.16560270026093,206701.3428356437,entry
2026-01-13 19:58:00,CLOSE,LONG,94181.8,1.7775691355735739,1867.5225950626773,208568.86543070638,Take Profit
2026-01-13 23:24:00,OPEN,LONG,95400.2,1.749001494174699,-66.74203693782329,208502.12339376856,entry
2026-01-14 06:01:00,ADD,LONG,94869.9,5.247004482524097,-199.11311622263747,208303.01027754592,adx=67.05246176940224
2026-01-14 14:46:00,CLOSE,LONG,96292.1,6.996005976698796,8486.905011696275,216789.9152892422,Take Profit
2026-01-14 16:57:00,OPEN,LONG,97092.2,1.7862601963020077,-69.37277289255871,216720.54251634964,entry
2026-01-14 18:33:00,ADD,LONG,96465.9,1.7862601963020077,-68.92527898817207,216651.61723736147,adx=39.843670280145886
2026-01-15 03:27:00,ADD,LONG,95951.9,1.7862601963020075,-68.55802389181918,216583.05921346965,adx=16.14899838354967
2026-01-15 19:31:00,ADD,LONG,95305.1,3.572520392604015,-136.19176530765253,216446.867448162,adx=48.78228683981829
2026-01-19 00:01:00,PARTIAL_CLOSE,LONG,92760.2,7.145040785208031,-23585.380081291078,192861.48736687092,Stop Loss
2026-01-19 05:15:00,ADD,LONG,92538.6,1.786260196302008,-66.11920712061692,192795.3681597503,adx=19.57287532016552
2026-01-20 08:00:00,HEDGE_OPEN,SHORT,91098.7,8.931300981510038,-325.4519634897297,192469.91619626057,trend_bearish_confirmed
2026-01-20 15:08:00,ADD,LONG,89965.4,5.358780588906023,-192.84193567727925,192277.0742605833,adx=20
2026-02-12 00:00:00,CLOSE,LONG,67031.2,8.931300981510038,-221092.43449581385,-28815.36023523056,Final Close
2026-02-12 00:00:00,HEDGE_CLOSE,SHORT,67031.2,8.931300981510038,214389.16408006242,185573.80384483185,Final Hedge Close
